id,x,label,component
0,3.378797538,background,exponential
1,1.410023466,background,exponential
2,4.575999384,background,exponential
3,3.822049136,background,exponential
4,5.2802947,signal,gaussian
5,3.216061075,background,exponential
6,2.220584293,background,exponential
7,6.972455754,background,exponential
8,1.716825175,background,exponential
9,8.906630005,background,exponential
10,4.187164412,signal,gaussian
11,4.748686973,background,exponential
12,4.987926484,signal,gaussian
13,4.254180626,signal,gaussian
14,5.515668166,signal,gaussian
15,0.6362073174,background,exponential
16,5.421616011,signal,gaussian
17,1.616697291,background,exponential
18,5.130529954,signal,gaussian
19,5.018575886,background,exponential
20,4.611489715,background,exponential
21,4.669219454,signal,gaussian
22,5.050911155,signal,gaussian
23,0.7139961285,background,exponential
24,0.1605093158,background,exponential
25,4.083455908,signal,gaussian
26,4.36885406,background,exponential
27,3.906697709,background,exponential
28,7.865186127,background,exponential
29,4.507764996,signal,gaussian
30,2.863201221,background,exponential
31,5.473342138,signal,gaussian
32,2.311953691,background,exponential
33,0.6186648822,background,exponential
34,0.7573114105,background,exponential
35,4.540028673,background,exponential
36,1.243660722,background,exponential
37,1.09870165,background,exponential
38,3.557754746,background,exponential
39,1.185551225,background,exponential
40,5.04792765,signal,gaussian
41,4.761886845,signal,gaussian
42,6.846035034,background,exponential
43,8.392069843,background,exponential
44,2.376586155,background,exponential
45,4.922002574,background,exponential
46,4.965361026,background,exponential
47,4.316773861,background,exponential
48,0.0760681932,background,exponential
49,4.521070098,signal,gaussian
50,8.39131029,background,exponential
51,9.094408544,background,exponential
52,4.752563739,signal,gaussian
53,4.970263545,signal,gaussian
54,4.730908104,signal,gaussian
55,5.127435652,signal,gaussian
56,1.07169206,background,exponential
57,0.2240195194,background,exponential
58,6.360605199,background,exponential
59,5.124508082,signal,gaussian
60,9.624311504,background,exponential
61,1.261259119,background,exponential
62,3.846760993,signal,gaussian
63,2.213301925,background,exponential
64,7.405291734,background,exponential
65,4.023406432,background,exponential
66,6.880975299,background,exponential
67,7.550010906,background,exponential
68,4.620687867,signal,gaussian
69,4.69436489,background,exponential
70,2.278419377,background,exponential
71,1.135896589,background,exponential
72,2.484849659,background,exponential
73,4.54359151,signal,gaussian
74,1.486817739,background,exponential
75,8.843950453,background,exponential
76,1.154504311,background,exponential
77,5.084489533,signal,gaussian
78,5.893668325,background,exponential
79,1.510132471,background,exponential
80,3.787834282,signal,gaussian
81,1.520481308,background,exponential
82,4.716361177,signal,gaussian
83,0.09446274772,background,exponential
84,1.027600779,background,exponential
85,9.637436914,background,exponential
86,4.910904984,background,exponential
87,8.113848168,background,exponential
88,5.217388853,signal,gaussian
89,4.997358943,background,exponential
90,9.380227379,background,exponential
91,5.019975208,background,exponential
92,4.961778377,background,exponential
93,4.863509538,signal,gaussian
94,0.8951572637,background,exponential
95,2.427174449,background,exponential
96,0.7681100363,background,exponential
97,8.007811996,background,exponential
98,6.807118732,background,exponential
99,5.388706875,background,exponential
100,6.624092411,background,exponential
101,5.629819949,background,exponential
102,5.459412905,signal,gaussian
103,4.835858424,background,exponential
104,9.652676862,background,exponential
105,6.746441338,background,exponential
106,1.742353818,background,exponential
107,5.050304613,background,exponential
108,5.619171618,signal,gaussian
109,5.318531341,signal,gaussian
110,5.352233806,signal,gaussian
111,4.68144726,signal,gaussian
112,4.125462067,background,exponential
113,5.184083431,signal,gaussian
114,7.415066603,background,exponential
115,0.257836738,background,exponential
116,6.548307076,background,exponential
117,2.145090085,background,exponential
118,2.359146448,background,exponential
119,5.101858301,signal,gaussian
120,6.34266962,background,exponential
121,2.140782069,background,exponential
122,2.572709091,background,exponential
123,4.437256691,signal,gaussian
124,0.2219034109,background,exponential
125,3.386777847,background,exponential
126,1.540137386,background,exponential
127,4.888590464,signal,gaussian
128,2.014274167,background,exponential
129,7.616470173,background,exponential
130,4.420228318,signal,gaussian
131,8.780360901,background,exponential
132,1.678566533,background,exponential
133,6.93098791,background,exponential
134,4.952903578,signal,gaussian
135,6.861848197,background,exponential
136,0.3077216612,background,exponential
137,4.529480414,background,exponential
138,4.276549792,background,exponential
139,2.129710396,background,exponential
140,7.453566079,background,exponential
141,6.137934459,signal,gaussian
142,6.85485038,background,exponential
143,5.912559795,background,exponential
144,4.029135319,background,exponential
145,1.224378151,background,exponential
146,8.21592391,background,exponential
147,8.838601902,background,exponential
148,2.867027437,background,exponential
149,9.12301074,background,exponential
150,0.1428201926,background,exponential
151,4.294826022,signal,gaussian
152,3.175159183,background,exponential
153,4.256768834,signal,gaussian
154,5.343795879,signal,gaussian
155,9.218296847,background,exponential
156,4.405807678,signal,gaussian
157,0.009416204021,background,exponential
158,1.396278218,background,exponential
159,1.970151092,background,exponential
160,6.606957066,background,exponential
161,3.703147121,signal,gaussian
162,5.046653586,signal,gaussian
163,2.277599768,signal,gaussian
164,5.949000655,background,exponential
165,8.207582584,background,exponential
166,5.668876978,background,exponential
167,5.158479663,signal,gaussian
168,4.542628744,signal,gaussian
169,1.770159705,background,exponential
170,2.118289269,background,exponential
171,4.058179625,signal,gaussian
172,2.680428364,background,exponential
173,3.047762275,background,exponential
174,2.026878357,background,exponential
175,5.557810247,signal,gaussian
176,8.054343845,background,exponential
177,5.309200822,signal,gaussian
178,8.412348797,background,exponential
179,6.966820384,background,exponential
180,1.610907673,background,exponential
181,3.193413677,background,exponential
182,0.9252460329,background,exponential
183,1.325872592,background,exponential
184,6.891230929,background,exponential
185,2.39016917,background,exponential
186,1.761650566,background,exponential
187,2.281752527,background,exponential
188,1.050813361,background,exponential
189,7.164954063,background,exponential
190,4.514953891,signal,gaussian
191,4.23727507,background,exponential
192,4.713408146,signal,gaussian
193,0.9812990576,background,exponential
194,5.355437159,signal,gaussian
195,5.919480744,signal,gaussian
196,4.573505065,signal,gaussian
197,4.476255153,signal,gaussian
198,1.502356493,background,exponential
199,4.238813269,signal,gaussian
200,8.413196751,background,exponential
201,7.565412859,background,exponential
202,2.401233338,background,exponential
203,4.926208625,signal,gaussian
204,0.5703489411,background,exponential
205,9.605762411,background,exponential
206,1.778612186,background,exponential
207,4.256572409,signal,gaussian
208,6.239885843,signal,gaussian
209,9.981892809,background,exponential
210,5.028364065,signal,gaussian
211,5.517867952,signal,gaussian
212,6.951243275,background,exponential
213,4.711227041,signal,gaussian
214,3.96318707,background,exponential
215,2.842050957,background,exponential
216,5.353384685,signal,gaussian
217,5.594681807,signal,gaussian
218,4.171170386,signal,gaussian
219,0.8430242025,background,exponential
220,9.606126747,background,exponential
221,4.130401031,signal,gaussian
222,8.512325997,background,exponential
223,1.454225734,background,exponential
224,5.75330139,background,exponential
225,5.020588046,signal,gaussian
226,3.713667956,background,exponential
227,5.305624496,background,exponential
228,0.2688042853,background,exponential
229,9.683543572,background,exponential
230,3.183346941,background,exponential
231,1.22602225,background,exponential
232,0.5517661464,background,exponential
233,1.917555716,background,exponential
234,4.799728795,background,exponential
235,0.8228693727,background,exponential
236,7.423039052,background,exponential
237,3.195323938,background,exponential
238,8.823474246,background,exponential
239,5.922519071,signal,gaussian
240,5.554164589,signal,gaussian
241,7.633791581,background,exponential
242,2.803279883,background,exponential
243,7.507572908,background,exponential
244,3.192584932,background,exponential
245,6.85277371,background,exponential
246,2.75731753,background,exponential
247,1.452539184,background,exponential
248,2.438586976,background,exponential
249,4.921582292,background,exponential
250,4.578877425,signal,gaussian
251,3.112587181,background,exponential
252,5.641032638,signal,gaussian
253,7.408164798,background,exponential
254,7.673880883,background,exponential
255,4.831886403,background,exponential
256,5.77876162,signal,gaussian
257,4.78046133,signal,gaussian
258,4.367914843,background,exponential
259,9.588597879,background,exponential
260,2.744535182,background,exponential
261,2.847810596,background,exponential
262,5.645479686,background,exponential
263,9.873998667,background,exponential
264,2.584548902,background,exponential
265,7.237275444,background,exponential
266,1.495603354,background,exponential
267,9.244195325,background,exponential
268,5.917298458,signal,gaussian
269,4.215824798,signal,gaussian
270,2.029876027,background,exponential
271,2.251554772,background,exponential
272,1.136316338,background,exponential
273,1.652320941,background,exponential
274,4.442202388,background,exponential
275,4.973100656,signal,gaussian
276,2.318903455,background,exponential
277,0.6212233881,background,exponential
278,5.278678454,signal,gaussian
279,5.734923239,signal,gaussian
280,6.604481026,signal,gaussian
281,1.185415923,background,exponential
282,0.2805123498,background,exponential
283,5.589914435,signal,gaussian
284,2.597166093,background,exponential
285,0.1222972298,background,exponential
286,6.533937431,background,exponential
287,5.883718631,background,exponential
288,4.356801838,signal,gaussian
289,0.9094668198,background,exponential
290,4.710906308,signal,gaussian
291,4.986992187,background,exponential
292,3.591762191,signal,gaussian
293,5.342748258,background,exponential
294,4.065973552,signal,gaussian
295,4.820763951,background,exponential
296,1.597346846,background,exponential
297,6.830437813,background,exponential
298,1.330289104,background,exponential
299,5.079811528,signal,gaussian
300,1.63231442,background,exponential
301,5.59957031,signal,gaussian
302,5.653938957,signal,gaussian
303,9.591669679,background,exponential
304,1.680441469,background,exponential
305,6.996427586,background,exponential
306,5.342836946,signal,gaussian
307,1.142087068,background,exponential
308,4.545039067,signal,gaussian
309,5.983963972,signal,gaussian
310,5.569951611,signal,gaussian
311,2.095504381,background,exponential
312,2.596682652,background,exponential
313,5.156586589,signal,gaussian
314,5.400418753,signal,gaussian
315,2.863221995,background,exponential
316,6.227028514,signal,gaussian
317,3.05656238,background,exponential
318,4.155963945,signal,gaussian
319,7.196456345,background,exponential
320,4.964060012,background,exponential
321,1.780670733,background,exponential
322,8.982647873,background,exponential
323,2.213016749,background,exponential
324,5.475910242,signal,gaussian
325,5.169531737,signal,gaussian
326,4.534472678,signal,gaussian
327,0.7028721076,background,exponential
328,9.501892645,background,exponential
329,6.562324819,background,exponential
330,1.811276304,background,exponential
331,4.473103507,background,exponential
332,1.991605633,background,exponential
333,1.626317504,background,exponential
334,0.2680469567,background,exponential
335,2.808655941,background,exponential
336,6.093988192,background,exponential
337,5.638769111,background,exponential
338,4.282773421,background,exponential
339,2.542091126,background,exponential
340,3.89304701,background,exponential
341,4.841906244,background,exponential
342,7.888670708,background,exponential
343,4.913360475,signal,gaussian
344,6.993576325,background,exponential
345,5.439918333,signal,gaussian
346,3.109368449,background,exponential
347,5.103943917,signal,gaussian
348,4.440082301,background,exponential
349,1.97061254,background,exponential
350,3.82279582,background,exponential
351,3.232222442,background,exponential
352,3.556923708,background,exponential
353,2.257034371,background,exponential
354,6.676276998,background,exponential
355,0.394555179,background,exponential
356,1.638393606,background,exponential
357,4.312269637,signal,gaussian
358,1.255222236,background,exponential
359,3.215571061,background,exponential
360,5.758913748,background,exponential
361,2.017446313,background,exponential
362,7.421799138,background,exponential
363,3.899528016,signal,gaussian
364,7.092414669,background,exponential
365,4.088488942,signal,gaussian
366,4.428827832,signal,gaussian
367,6.406171834,background,exponential
368,4.114789254,signal,gaussian
369,1.958554086,background,exponential
370,6.412410476,background,exponential
371,1.229371145,background,exponential
372,4.84346589,background,exponential
373,6.415775275,background,exponential
374,0.1446883567,background,exponential
375,2.662722011,background,exponential
376,1.427856388,background,exponential
377,5.23530318,signal,gaussian
378,0.124979939,background,exponential
379,2.975973346,background,exponential
380,4.304435149,signal,gaussian
381,1.641136288,background,exponential
382,7.157676186,background,exponential
383,4.233991401,background,exponential
384,2.339468449,background,exponential
385,1.111351462,background,exponential
386,1.358553015,background,exponential
387,4.268784816,background,exponential
388,5.143791171,signal,gaussian
389,4.414277841,signal,gaussian
390,4.774617805,signal,gaussian
391,4.397953132,signal,gaussian
392,1.340065724,background,exponential
393,1.264600234,background,exponential
394,9.000696855,background,exponential
395,1.290506704,background,exponential
396,5.456821123,signal,gaussian
397,0.2146236,background,exponential
398,4.519618379,background,exponential
399,0.9885307788,background,exponential
400,6.571703932,background,exponential
401,8.195465776,background,exponential
402,1.730368783,background,exponential
403,0.8807681421,background,exponential
404,4.718431231,background,exponential
405,7.631212622,background,exponential
406,1.080188719,background,exponential
407,0.772800025,background,exponential
408,8.57203956,background,exponential
409,5.85630806,background,exponential
410,1.195147484,background,exponential
411,0.149232526,background,exponential
412,4.902227694,background,exponential
413,3.322121933,signal,gaussian
414,8.877416989,background,exponential
415,2.172578558,background,exponential
416,3.876637108,signal,gaussian
417,6.260741166,background,exponential
418,3.330211116,background,exponential
419,5.847207962,background,exponential
420,0.8867019137,background,exponential
421,4.00416585,signal,gaussian
422,8.233626256,background,exponential
423,4.639454029,signal,gaussian
424,6.922291329,background,exponential
425,0.6287845379,background,exponential
426,0.1365963215,background,exponential
427,3.750354105,background,exponential
428,5.974528865,signal,gaussian
429,2.099281294,background,exponential
430,5.044978452,signal,gaussian
431,8.744492974,background,exponential
432,4.848572677,signal,gaussian
433,8.83796441,background,exponential
434,2.578558439,background,exponential
435,7.914132826,background,exponential
436,4.630686065,signal,gaussian
437,5.304210435,background,exponential
438,3.302840066,background,exponential
439,4.952429801,signal,gaussian
440,8.685556588,background,exponential
441,4.491732263,background,exponential
442,0.3686789976,background,exponential
443,4.679511624,signal,gaussian
444,7.055508575,background,exponential
445,4.595373991,background,exponential
446,4.66437738,background,exponential
447,6.770143375,background,exponential
448,8.734252613,background,exponential
449,5.134057598,signal,gaussian
450,3.123311081,background,exponential
451,6.180498827,background,exponential
452,8.404173833,background,exponential
453,2.16796772,background,exponential
454,1.407744708,background,exponential
455,9.597436216,background,exponential
456,4.73963134,signal,gaussian
457,6.293817981,background,exponential
458,6.70296372,signal,gaussian
459,3.633702299,background,exponential
460,2.401393086,background,exponential
461,3.026238196,background,exponential
462,2.294474652,background,exponential
463,3.880531089,signal,gaussian
464,8.594729384,background,exponential
465,4.662294413,background,exponential
466,9.552542596,background,exponential
467,2.352514821,background,exponential
468,4.925079447,signal,gaussian
469,4.226330999,signal,gaussian
470,3.441647585,background,exponential
471,6.408877666,background,exponential
472,1.655145358,background,exponential
473,4.103849862,background,exponential
474,4.536641429,background,exponential
475,4.910647836,signal,gaussian
476,1.949573631,background,exponential
477,5.455582372,signal,gaussian
478,5.705652755,signal,gaussian
479,4.89780135,signal,gaussian
480,5.049273849,signal,gaussian
481,5.822878274,signal,gaussian
482,4.772313971,signal,gaussian
483,1.682884041,background,exponential
484,0.2648381845,background,exponential
485,0.9038049765,background,exponential
486,1.070832884,background,exponential
487,4.201762126,signal,gaussian
488,7.433875499,background,exponential
489,4.326208616,background,exponential
490,9.3701748,background,exponential
491,2.04321019,background,exponential
492,9.969378414,background,exponential
493,6.94770949,background,exponential
494,5.695275622,signal,gaussian
495,8.389138596,background,exponential
496,3.886665708,background,exponential
497,0.2498679473,background,exponential
498,1.900488156,background,exponential
499,4.161256791,signal,gaussian
500,2.198807483,background,exponential
501,8.488053532,background,exponential
502,5.745933519,background,exponential
503,7.403466133,background,exponential
504,4.358921562,signal,gaussian
505,4.769194472,background,exponential
506,4.312770491,signal,gaussian
507,1.893270972,background,exponential
508,5.01356861,background,exponential
509,4.975330645,signal,gaussian
510,0.4683861132,background,exponential
511,6.986563499,background,exponential
512,6.835791639,background,exponential
513,5.343012223,background,exponential
514,0.02585629804,background,exponential
515,8.858395048,background,exponential
516,7.486583898,background,exponential
517,4.823872539,signal,gaussian
518,6.334935273,background,exponential
519,4.783044316,signal,gaussian
520,5.816744817,signal,gaussian
521,0.5170770416,background,exponential
522,2.920591178,background,exponential
523,2.751438142,background,exponential
524,2.533850746,background,exponential
525,6.90357385,background,exponential
526,4.749181105,signal,gaussian
527,4.792365832,signal,gaussian
528,6.684843882,background,exponential
529,5.726948725,signal,gaussian
530,3.674074188,background,exponential
531,5.283319918,background,exponential
532,1.806519667,background,exponential
533,2.268075856,background,exponential
534,4.549246735,signal,gaussian
535,1.946170905,background,exponential
536,0.2705137146,background,exponential
537,4.624320312,background,exponential
538,5.558180592,background,exponential
539,1.755637743,background,exponential
540,5.547912283,signal,gaussian
541,9.486472891,background,exponential
542,5.007973967,background,exponential
543,6.50136678,background,exponential
544,5.148635207,signal,gaussian
545,0.446056298,background,exponential
546,6.783990225,signal,gaussian
547,4.529295612,background,exponential
548,6.014350186,signal,gaussian
549,4.595191919,signal,gaussian
550,2.345727204,background,exponential
551,0.06003405176,background,exponential
552,2.281474595,background,exponential
553,5.711417932,background,exponential
554,3.143296601,background,exponential
555,4.306917791,background,exponential
556,2.008541546,background,exponential
557,9.017166253,background,exponential
558,9.11199807,background,exponential
559,0.5938585899,background,exponential
560,1.895266631,background,exponential
561,4.676987577,signal,gaussian
562,9.434928648,background,exponential
563,0.6805574495,background,exponential
564,5.105312347,signal,gaussian
565,5.608719883,signal,gaussian
566,5.3497159,background,exponential
567,1.649419734,background,exponential
568,6.523978678,background,exponential
569,1.854643668,background,exponential
570,1.088592814,background,exponential
571,5.865021157,signal,gaussian
572,2.253638475,background,exponential
573,9.097859895,background,exponential
574,4.165972277,background,exponential
575,2.090596417,background,exponential
576,5.723709847,signal,gaussian
577,4.73304016,background,exponential
578,5.75488957,signal,gaussian
579,4.656942805,background,exponential
580,2.927943624,background,exponential
581,2.937869287,background,exponential
582,2.721686187,background,exponential
583,1.839510609,background,exponential
584,6.702343352,background,exponential
585,1.736313337,background,exponential
586,4.792045119,background,exponential
587,5.549067811,signal,gaussian
588,1.500058975,background,exponential
589,1.639385209,background,exponential
590,1.087018387,background,exponential
591,4.801591616,signal,gaussian
592,6.856569884,background,exponential
593,4.136099738,signal,gaussian
594,5.166868837,background,exponential
595,3.942359915,background,exponential
596,7.835906302,background,exponential
597,2.677817868,background,exponential
598,0.3279490195,background,exponential
599,7.810317338,background,exponential
600,5.824084831,signal,gaussian
601,9.309701026,background,exponential
602,3.79624356,background,exponential
603,0.4140460326,background,exponential
604,0.4877494722,background,exponential
605,8.942928037,background,exponential
606,6.468764224,signal,gaussian
607,9.786826666,background,exponential
608,2.444018331,background,exponential
609,5.991058996,signal,gaussian
610,6.718716664,signal,gaussian
611,4.397453636,background,exponential
612,3.617937382,background,exponential
613,8.012064957,background,exponential
614,2.058147263,background,exponential
615,6.230177313,background,exponential
616,3.114283615,background,exponential
617,1.76041929,background,exponential
618,5.106782445,signal,gaussian
619,6.810742091,background,exponential
620,4.793175067,signal,gaussian
621,5.012129842,background,exponential
622,6.68512597,signal,gaussian
623,0.5755338741,background,exponential
624,9.952688319,background,exponential
625,5.742610985,signal,gaussian
626,2.143044386,background,exponential
627,5.82903173,background,exponential
628,1.502627385,background,exponential
629,2.976310112,background,exponential
630,3.255208257,background,exponential
631,5.310655602,signal,gaussian
632,2.926349395,background,exponential
633,1.645621412,background,exponential
634,4.977453181,signal,gaussian
635,5.015360267,signal,gaussian
636,3.957429421,background,exponential
637,8.146276742,background,exponential
638,4.820806706,signal,gaussian
639,4.515888958,signal,gaussian
640,2.226494263,background,exponential
641,1.414085933,background,exponential
642,5.197953312,background,exponential
643,0.3455324166,background,exponential
644,6.031603485,signal,gaussian
645,3.866924586,background,exponential
646,8.235138901,background,exponential
647,6.008946857,signal,gaussian
648,8.520101974,background,exponential
649,1.782570778,background,exponential
650,8.434739108,background,exponential
651,4.543059977,background,exponential
652,0.6450457375,background,exponential
653,0.1405723514,background,exponential
654,6.656781997,background,exponential
655,4.206402196,signal,gaussian
656,5.15248894,signal,gaussian
657,5.462269296,signal,gaussian
658,6.973719191,background,exponential
659,2.388087525,background,exponential
660,5.922080864,signal,gaussian
661,4.917284116,signal,gaussian
662,7.655022804,background,exponential
663,5.095650643,signal,gaussian
664,1.865849756,background,exponential
665,5.23954194,signal,gaussian
666,1.866949025,background,exponential
667,4.004120163,background,exponential
668,7.640631272,background,exponential
669,4.548998747,signal,gaussian
670,6.800259723,background,exponential
671,3.316015499,background,exponential
672,4.968358213,signal,gaussian
673,4.972713007,signal,gaussian
674,3.243952502,background,exponential
675,2.951820031,background,exponential
676,1.897034147,background,exponential
677,1.240693515,background,exponential
678,5.980009469,signal,gaussian
679,0.7292717409,background,exponential
680,3.432065245,background,exponential
681,3.213531306,background,exponential
682,3.345722316,signal,gaussian
683,3.198643427,background,exponential
684,9.587860339,background,exponential
685,4.453964764,background,exponential
686,5.293509605,signal,gaussian
687,1.945636177,background,exponential
688,4.504311885,background,exponential
689,5.754190671,signal,gaussian
690,3.538855509,background,exponential
691,7.542852984,background,exponential
692,7.086828794,background,exponential
693,5.420844987,signal,gaussian
694,5.743306365,signal,gaussian
695,5.074707435,signal,gaussian
696,2.099435794,background,exponential
697,0.3226899867,background,exponential
698,4.164931013,signal,gaussian
699,0.7904454622,background,exponential
700,5.135102404,signal,gaussian
701,0.9428157456,background,exponential
702,5.038883743,signal,gaussian
703,5.66186346,signal,gaussian
704,1.223241091,background,exponential
705,5.250079981,signal,gaussian
706,5.287734299,signal,gaussian
707,9.087320147,background,exponential
708,0.1403282508,background,exponential
709,8.688082099,background,exponential
710,5.308126567,background,exponential
711,7.039828373,background,exponential
712,1.177835387,background,exponential
713,5.56425184,background,exponential
714,5.893901549,signal,gaussian
715,4.314067876,signal,gaussian
716,8.814551347,background,exponential
717,4.86497768,background,exponential
718,5.516424132,signal,gaussian
719,4.225134348,background,exponential
720,4.06534228,signal,gaussian
721,6.444722383,signal,gaussian
722,0.7190032254,background,exponential
723,0.2435761542,background,exponential
724,3.399445467,background,exponential
725,4.823392282,signal,gaussian
726,0.6074904653,background,exponential
727,5.247641049,background,exponential
728,6.489604736,signal,gaussian
729,5.475530667,signal,gaussian
730,4.551000078,signal,gaussian
731,0.3131112303,background,exponential
732,8.617531362,background,exponential
733,3.905903218,background,exponential
734,4.837173736,signal,gaussian
735,5.445077799,signal,gaussian
736,0.8203729387,background,exponential
737,1.214011323,background,exponential
738,3.852188997,signal,gaussian
739,7.807148258,background,exponential
740,2.358914378,background,exponential
741,4.408821287,background,exponential
742,3.800858035,background,exponential
743,2.533664605,background,exponential
744,4.214698495,background,exponential
745,2.074363752,background,exponential
746,4.662342886,signal,gaussian
747,5.591001462,signal,gaussian
748,2.108191076,background,exponential
749,5.430856736,signal,gaussian
750,5.292783134,signal,gaussian
751,4.581922945,background,exponential
752,1.736989232,background,exponential
753,6.513454716,background,exponential
754,5.06193125,signal,gaussian
755,7.312195705,background,exponential
756,4.48557937,background,exponential
757,4.801903403,signal,gaussian
758,5.209974446,background,exponential
759,0.3244134217,background,exponential
760,0.8872401708,background,exponential
761,5.311489691,signal,gaussian
762,4.722886857,signal,gaussian
763,3.321635104,background,exponential
764,3.414481055,signal,gaussian
765,4.104938373,background,exponential
766,2.506631345,background,exponential
767,2.142484369,background,exponential
768,0.4678971002,background,exponential
769,8.370972189,background,exponential
770,2.196768938,background,exponential
771,5.651825731,signal,gaussian
772,4.582988703,signal,gaussian
773,3.826677486,background,exponential
774,4.053607647,background,exponential
775,3.405694002,background,exponential
776,4.245028619,signal,gaussian
777,4.346516627,signal,gaussian
778,1.607120685,background,exponential
779,8.480975187,background,exponential
780,5.348998733,background,exponential
781,5.276708084,background,exponential
782,8.949191217,background,exponential
783,5.227573291,background,exponential
784,5.326380939,signal,gaussian
785,1.155044964,background,exponential
786,3.524817746,background,exponential
787,7.565506159,background,exponential
788,7.564922889,background,exponential
789,6.936926835,background,exponential
790,4.414482732,signal,gaussian
791,3.07468637,background,exponential
792,4.765173535,signal,gaussian
793,6.709466085,background,exponential
794,8.458124297,background,exponential
795,4.16422521,background,exponential
796,4.536261978,background,exponential
797,5.113262075,signal,gaussian
798,3.620440747,background,exponential
799,1.567373931,background,exponential
800,2.204600299,background,exponential
801,5.593163334,background,exponential
802,5.10398651,signal,gaussian
803,1.597823743,background,exponential
804,5.261482783,signal,gaussian
805,2.831229101,background,exponential
806,5.304499039,background,exponential
807,3.899582277,background,exponential
808,4.486264581,background,exponential
809,9.384481715,background,exponential
810,4.271788358,background,exponential
811,9.141863767,background,exponential
812,4.448746349,signal,gaussian
813,0.505877429,background,exponential
814,2.36407338,background,exponential
815,8.56077648,background,exponential
816,2.851777745,background,exponential
817,5.900421157,background,exponential
818,2.663519814,background,exponential
819,1.047450374,background,exponential
820,2.935679731,background,exponential
821,3.243456467,signal,gaussian
822,0.7476275859,background,exponential
823,6.558669556,signal,gaussian
824,0.2245897941,background,exponential
825,8.716845545,background,exponential
826,5.487570374,background,exponential
827,5.228328055,signal,gaussian
828,0.41391905,background,exponential
829,5.72274065,background,exponential
830,3.288659122,signal,gaussian
831,7.60704829,background,exponential
832,2.934804289,background,exponential
833,0.5554249367,background,exponential
834,8.289053868,background,exponential
835,5.490655609,signal,gaussian
836,0.9519654467,background,exponential
837,7.065314156,background,exponential
838,8.944098491,background,exponential
839,1.143999983,background,exponential
840,1.663185912,background,exponential
841,3.308419197,background,exponential
842,7.515530359,background,exponential
843,1.003041477,background,exponential
844,0.6154757109,background,exponential
845,9.161335005,background,exponential
846,7.662518194,background,exponential
847,6.835867707,background,exponential
848,4.904180218,signal,gaussian
849,6.069734028,background,exponential
850,0.6591117934,background,exponential
851,6.578739914,background,exponential
852,9.660937343,background,exponential
853,1.055190572,background,exponential
854,3.595465461,background,exponential
855,1.309817741,background,exponential
856,4.481496415,signal,gaussian
857,5.744364266,signal,gaussian
858,4.989921261,background,exponential
859,6.086437726,background,exponential
860,4.606653411,background,exponential
861,7.477320551,background,exponential
862,3.822100569,signal,gaussian
863,1.532395408,background,exponential
864,5.402439647,signal,gaussian
865,2.445401334,background,exponential
866,6.94124806,background,exponential
867,5.592190435,signal,gaussian
868,8.186951581,background,exponential
869,4.664202845,signal,gaussian
870,5.669510973,signal,gaussian
871,1.931076753,background,exponential
872,4.464182153,signal,gaussian
873,7.69876539,background,exponential
874,6.848005974,background,exponential
875,1.693036962,background,exponential
876,2.877552573,background,exponential
877,4.391480907,signal,gaussian
878,3.954699591,background,exponential
879,1.505775345,background,exponential
880,0.6413996585,background,exponential
881,7.455444608,background,exponential
882,4.97907667,signal,gaussian
883,9.050223823,background,exponential
884,5.169312996,signal,gaussian
885,9.096001122,background,exponential
886,2.293206288,background,exponential
887,4.531116991,signal,gaussian
888,1.487803267,background,exponential
889,0.2394551645,background,exponential
890,5.508826479,signal,gaussian
891,0.1809877993,background,exponential
892,7.812359867,background,exponential
893,7.593588437,background,exponential
894,9.088743141,background,exponential
895,4.533498986,signal,gaussian
896,1.892544596,background,exponential
897,5.752146536,background,exponential
898,0.3018820353,background,exponential
899,5.400853826,signal,gaussian
900,5.877655269,background,exponential
901,4.593801183,signal,gaussian
902,5.598865165,signal,gaussian
903,4.05847612,background,exponential
904,3.344934077,background,exponential
905,7.645403729,background,exponential
906,2.474576258,background,exponential
907,4.835560281,signal,gaussian
908,1.122576046,background,exponential
909,3.984696078,background,exponential
910,7.281031398,background,exponential
911,4.822648455,background,exponential
912,7.921521347,background,exponential
913,1.54991355,background,exponential
914,5.168631648,signal,gaussian
915,5.625268164,signal,gaussian
916,9.953932082,background,exponential
917,1.441059883,background,exponential
918,4.730445141,signal,gaussian
919,4.618383407,signal,gaussian
920,4.024786741,background,exponential
921,0.4787157715,background,exponential
922,7.547223308,background,exponential
923,4.965471406,signal,gaussian
924,0.5012430585,background,exponential
925,9.701668503,background,exponential
926,6.320523991,background,exponential
927,4.288772165,signal,gaussian
928,0.8181861287,background,exponential
929,5.126036488,signal,gaussian
930,4.47378386,background,exponential
931,9.409245387,background,exponential
932,4.748127477,background,exponential
933,4.694153606,signal,gaussian
934,3.993342696,background,exponential
935,2.135547898,background,exponential
936,0.2164348364,background,exponential
937,6.176390315,background,exponential
938,4.678140326,signal,gaussian
939,0.7656141475,background,exponential
940,0.8627991893,background,exponential
941,4.127399691,background,exponential
942,7.172983984,background,exponential
943,6.328203635,background,exponential
944,4.512585027,background,exponential
945,3.547765125,signal,gaussian
946,2.229701195,background,exponential
947,2.950321772,background,exponential
948,1.258308077,background,exponential
949,6.919283376,background,exponential
950,1.860165961,background,exponential
951,8.182639371,background,exponential
952,2.63925588,background,exponential
953,9.225728948,background,exponential
954,2.58615052,background,exponential
955,1.891753362,background,exponential
956,5.810652254,signal,gaussian
957,5.618875102,background,exponential
958,2.547056908,background,exponential
959,6.966680517,background,exponential
960,2.637917277,background,exponential
961,0.8908132923,background,exponential
962,0.274599985,background,exponential
963,1.313752918,background,exponential
964,2.395621069,background,exponential
965,5.789148267,signal,gaussian
966,4.859030044,signal,gaussian
967,4.928275784,signal,gaussian
968,4.378325621,signal,gaussian
969,2.677231451,background,exponential
970,0.1400417718,background,exponential
971,6.425105285,background,exponential
972,4.147561587,signal,gaussian
973,6.421017927,background,exponential
974,6.050953513,background,exponential
975,5.972695626,signal,gaussian
976,5.296941997,signal,gaussian
977,1.441422631,background,exponential
978,7.933432646,background,exponential
979,5.329442577,background,exponential
980,6.011640908,background,exponential
981,4.386489857,signal,gaussian
982,4.833933252,signal,gaussian
983,4.570776099,signal,gaussian
984,6.30889635,background,exponential
985,6.407394107,background,exponential
986,7.049989151,background,exponential
987,1.470422531,background,exponential
988,8.904212965,background,exponential
989,5.829587295,signal,gaussian
990,2.14920582,background,exponential
991,1.785753688,background,exponential
992,0.5912125477,background,exponential
993,8.919720341,background,exponential
994,5.616985307,signal,gaussian
995,7.822177338,background,exponential
996,1.03234559,background,exponential
997,1.439363925,background,exponential
998,5.305011565,background,exponential
999,1.946191239,background,exponential
1000,2.71311197,background,exponential
1001,0.623308751,background,exponential
1002,4.456261397,background,exponential
1003,4.798138492,background,exponential
1004,4.684453342,signal,gaussian
1005,8.372678789,background,exponential
1006,2.365156285,background,exponential
1007,4.262962893,signal,gaussian
1008,1.952929833,background,exponential
1009,4.719833273,background,exponential
1010,3.277416896,background,exponential
1011,0.9730792691,background,exponential
1012,6.85068521,background,exponential
1013,8.497684955,background,exponential
1014,4.885621866,signal,gaussian
1015,5.270720972,signal,gaussian
1016,5.34323222,signal,gaussian
1017,7.718115749,background,exponential
1018,4.582171894,background,exponential
1019,5.329163459,background,exponential
1020,5.757702511,signal,gaussian
1021,7.748461764,background,exponential
1022,8.472998596,background,exponential
1023,2.160793151,background,exponential
1024,5.556398263,signal,gaussian
1025,3.917695031,background,exponential
1026,7.053442667,background,exponential
1027,1.27541755,background,exponential
1028,4.910181598,background,exponential
1029,8.218344901,background,exponential
1030,2.275822248,background,exponential
1031,1.184232986,background,exponential
1032,5.622838106,signal,gaussian
1033,4.645391909,signal,gaussian
1034,3.809976878,background,exponential
1035,0.4564051953,background,exponential
1036,5.560782701,background,exponential
1037,3.365350462,background,exponential
1038,4.339622804,background,exponential
1039,2.201787211,background,exponential
1040,5.352768548,background,exponential
1041,1.803676527,background,exponential
1042,4.91346063,signal,gaussian
1043,4.02179723,background,exponential
1044,9.884209927,background,exponential
1045,5.434658659,background,exponential
1046,2.835255555,background,exponential
1047,4.174279947,signal,gaussian
1048,6.807198494,background,exponential
1049,0.7512591191,background,exponential
1050,4.749816986,background,exponential
1051,3.37801286,background,exponential
1052,8.844033198,background,exponential
1053,4.878717136,background,exponential
1054,0.3737824834,background,exponential
1055,1.605094208,background,exponential
1056,4.946367694,background,exponential
1057,1.275415363,background,exponential
1058,1.593474268,background,exponential
1059,3.83570282,signal,gaussian
1060,9.18290693,background,exponential
1061,1.562149002,background,exponential
1062,5.489114287,signal,gaussian
1063,5.262057133,background,exponential
1064,1.73192091,background,exponential
1065,0.6004587533,background,exponential
1066,0.1202147695,background,exponential
1067,3.139928831,background,exponential
1068,4.330932096,background,exponential
1069,3.909695447,signal,gaussian
1070,4.958653697,signal,gaussian
1071,1.225836206,background,exponential
1072,0.7379559552,background,exponential
1073,3.29616753,background,exponential
1074,4.721697498,signal,gaussian
1075,9.515113088,background,exponential
1076,2.898625199,background,exponential
1077,0.8191140875,background,exponential
1078,3.723991209,background,exponential
1079,8.788475209,background,exponential
1080,1.158475207,background,exponential
1081,3.698543883,background,exponential
1082,3.434581091,background,exponential
1083,5.045165766,background,exponential
1084,6.503797354,background,exponential
1085,4.950191498,background,exponential
1086,4.139833174,background,exponential
1087,3.829442315,background,exponential
1088,6.154091989,background,exponential
1089,5.114206572,signal,gaussian
1090,2.09813319,background,exponential
1091,7.962501313,background,exponential
1092,8.066880375,background,exponential
1093,0.2490391054,background,exponential
1094,5.266917646,background,exponential
1095,0.5110188532,background,exponential
1096,4.007195158,signal,gaussian
1097,5.686466955,background,exponential
1098,8.00672604,background,exponential
1099,1.151091105,background,exponential
1100,6.123597165,background,exponential
1101,0.8199968691,background,exponential
1102,2.120567206,background,exponential
1103,0.320148895,background,exponential
1104,5.432164163,background,exponential
1105,7.078222318,background,exponential
1106,9.764356331,background,exponential
1107,5.025102279,signal,gaussian
1108,5.644505293,background,exponential
1109,5.409927783,background,exponential
1110,4.831417845,signal,gaussian
1111,8.419136424,background,exponential
1112,8.604233342,background,exponential
1113,4.263125287,signal,gaussian
1114,1.054722131,background,exponential
1115,3.748205686,background,exponential
1116,5.402955509,signal,gaussian
1117,6.16462609,background,exponential
1118,3.340367815,background,exponential
1119,5.880817274,background,exponential
1120,6.313470187,background,exponential
1121,5.947467034,signal,gaussian
1122,4.851568485,background,exponential
1123,6.734987001,background,exponential
1124,7.862281469,background,exponential
1125,3.380064243,background,exponential
1126,5.179794525,signal,gaussian
1127,2.96385676,background,exponential
1128,8.235428899,background,exponential
1129,2.771298528,background,exponential
1130,3.887408279,signal,gaussian
1131,4.698132241,signal,gaussian
1132,7.589807454,background,exponential
1133,4.576934578,background,exponential
1134,4.081325376,background,exponential
1135,8.579376952,background,exponential
1136,8.451000827,background,exponential
1137,4.816235773,signal,gaussian
1138,2.288620037,background,exponential
1139,5.185139637,signal,gaussian
1140,2.150281495,background,exponential
1141,1.751951002,background,exponential
1142,0.900911196,background,exponential
1143,9.855012219,background,exponential
1144,6.887864173,background,exponential
1145,4.842724062,background,exponential
1146,1.441359822,background,exponential
1147,3.90847018,signal,gaussian
1148,1.633678908,background,exponential
1149,7.530681656,background,exponential
1150,1.986833886,background,exponential
1151,4.45732384,background,exponential
1152,5.399223278,signal,gaussian
1153,4.485162376,background,exponential
1154,4.571292479,signal,gaussian
1155,9.8116398,background,exponential
1156,8.83044884,background,exponential
1157,0.4489461111,background,exponential
1158,3.605379868,background,exponential
1159,4.291520158,background,exponential
1160,1.392373384,background,exponential
1161,8.317058196,background,exponential
1162,5.209493657,background,exponential
1163,3.106763433,background,exponential
1164,7.790154489,background,exponential
1165,3.763661372,background,exponential
1166,3.173983186,background,exponential
1167,3.865920956,background,exponential
1168,5.456115721,signal,gaussian
1169,4.588632755,signal,gaussian
1170,2.593520615,background,exponential
1171,2.49523551,background,exponential
1172,4.223923052,signal,gaussian
1173,4.895609092,background,exponential
1174,2.173729862,background,exponential
1175,5.663637752,signal,gaussian
1176,9.086795527,background,exponential
1177,3.091155218,signal,gaussian
1178,7.821408439,background,exponential
1179,6.251319835,background,exponential
1180,0.8880953681,background,exponential
1181,0.6002751675,background,exponential
1182,4.820823284,background,exponential
1183,1.442856584,background,exponential
1184,4.632143167,signal,gaussian
1185,9.175241346,background,exponential
1186,6.802658475,background,exponential
1187,2.934387307,background,exponential
1188,3.782176389,background,exponential
1189,5.643317117,background,exponential
1190,2.849618292,background,exponential
1191,4.742226865,signal,gaussian
1192,2.328275711,background,exponential
1193,4.022497023,background,exponential
1194,1.50013154,background,exponential
1195,4.85540302,signal,gaussian
1196,4.759215373,background,exponential
1197,1.853102257,background,exponential
1198,1.710295583,background,exponential
1199,5.407034469,background,exponential
1200,2.634490418,background,exponential
1201,9.53332435,background,exponential
1202,5.538614677,signal,gaussian
1203,7.310827739,background,exponential
1204,1.082889854,background,exponential
1205,4.454857185,signal,gaussian
1206,2.000340523,background,exponential
1207,7.538616893,background,exponential
1208,4.727582983,background,exponential
1209,3.212309012,background,exponential
1210,8.926763271,background,exponential
1211,8.629269457,background,exponential
1212,0.2716413845,background,exponential
1213,4.084447904,signal,gaussian
1214,3.078686906,background,exponential
1215,1.06072605,background,exponential
1216,9.70021954,background,exponential
1217,3.359634078,background,exponential
1218,1.53764751,background,exponential
1219,5.669677895,signal,gaussian
1220,1.301257642,background,exponential
1221,7.712286035,background,exponential
1222,5.05969386,background,exponential
1223,4.10058011,background,exponential
1224,5.154127761,signal,gaussian
1225,5.672856083,signal,gaussian
1226,4.082420342,signal,gaussian
1227,2.389102835,background,exponential
1228,5.319448876,signal,gaussian
1229,5.551024823,signal,gaussian
1230,6.728568335,background,exponential
1231,7.720035508,background,exponential
1232,2.11048401,background,exponential
1233,1.276683741,background,exponential
1234,1.350916345,background,exponential
1235,0.9409037092,background,exponential
1236,1.397290455,background,exponential
1237,0.2647707639,background,exponential
1238,0.5705369818,background,exponential
1239,3.464564062,signal,gaussian
1240,4.63086164,background,exponential
1241,0.007328388965,background,exponential
1242,4.986885083,background,exponential
1243,6.228136461,background,exponential
1244,4.122818357,background,exponential
1245,6.377223669,background,exponential
1246,2.628214108,background,exponential
1247,2.261669679,background,exponential
1248,8.518403285,background,exponential
1249,5.44081463,background,exponential
1250,7.208160117,background,exponential
1251,5.954267385,signal,gaussian
1252,2.95267842,background,exponential
1253,3.465880025,background,exponential
1254,8.206612879,background,exponential
1255,4.991674446,signal,gaussian
1256,0.6502660038,background,exponential
1257,4.720033461,background,exponential
1258,0.300633932,background,exponential
1259,5.65798273,background,exponential
1260,9.87537034,background,exponential
1261,5.024607534,signal,gaussian
1262,2.139249791,background,exponential
1263,2.686497804,background,exponential
1264,0.04119912263,background,exponential
1265,5.674296224,background,exponential
1266,0.3889290734,background,exponential
1267,8.911960248,background,exponential
1268,3.208483605,background,exponential
1269,6.301005994,background,exponential
1270,4.4464423,signal,gaussian
1271,2.522085002,background,exponential
1272,5.848382513,background,exponential
1273,3.165305505,background,exponential
1274,8.094632263,background,exponential
1275,7.860736888,background,exponential
1276,9.569982664,background,exponential
1277,1.541725167,background,exponential
1278,8.342557081,background,exponential
1279,4.765272474,background,exponential
1280,4.182596696,background,exponential
1281,6.092835298,background,exponential
1282,7.827433902,background,exponential
1283,4.730515139,background,exponential
1284,9.219882064,background,exponential
1285,0.02847653077,background,exponential
1286,3.417360206,background,exponential
1287,4.532363773,signal,gaussian
1288,4.272811318,background,exponential
1289,2.503808897,background,exponential
1290,5.885585419,background,exponential
1291,4.931818217,signal,gaussian
1292,3.264018982,background,exponential
1293,9.352616756,background,exponential
1294,5.233021366,signal,gaussian
1295,6.531658009,signal,gaussian
1296,4.830707968,background,exponential
1297,2.501576607,background,exponential
1298,9.265506769,background,exponential
1299,0.8439953056,background,exponential
1300,4.589253511,signal,gaussian
1301,5.533955405,background,exponential
1302,1.752331766,background,exponential
1303,5.167960873,background,exponential
1304,4.227649369,signal,gaussian
1305,2.70603029,background,exponential
1306,6.771954605,background,exponential
1307,5.761258684,signal,gaussian
1308,5.10422173,signal,gaussian
1309,3.148507349,background,exponential
1310,4.998889644,background,exponential
1311,1.484157994,background,exponential
1312,5.034894981,signal,gaussian
1313,3.634010521,background,exponential
1314,5.265253747,background,exponential
1315,1.08662397,background,exponential
1316,1.19459274,background,exponential
1317,0.411115187,background,exponential
1318,2.373404507,background,exponential
1319,7.645512531,background,exponential
1320,2.33241371,background,exponential
1321,5.428129576,signal,gaussian
1322,3.573047922,background,exponential
1323,3.813663458,background,exponential
1324,4.973928373,signal,gaussian
1325,0.2696012319,background,exponential
1326,1.629288342,background,exponential
1327,3.237600742,background,exponential
1328,4.973085613,signal,gaussian
1329,0.9168421337,background,exponential
1330,4.345725373,signal,gaussian
1331,4.509836037,background,exponential
1332,5.283692601,signal,gaussian
1333,1.549587772,background,exponential
1334,8.856205928,background,exponential
1335,4.712454081,signal,gaussian
1336,4.412250344,background,exponential
1337,1.091907905,background,exponential
1338,8.956976646,background,exponential
1339,5.840668318,background,exponential
1340,3.681556542,background,exponential
1341,5.425493795,background,exponential
1342,6.532403821,background,exponential
1343,1.309859056,background,exponential
1344,4.500855662,background,exponential
1345,7.905078979,background,exponential
1346,0.29738902,background,exponential
1347,0.7887007287,background,exponential
1348,4.069189642,background,exponential
1349,4.546675052,signal,gaussian
1350,0.3822395348,background,exponential
1351,7.678746148,background,exponential
1352,0.1179691715,background,exponential
1353,5.040674465,signal,gaussian
1354,4.015123301,background,exponential
1355,8.208819709,background,exponential
1356,3.518917847,background,exponential
1357,4.344670083,signal,gaussian
1358,2.00793899,background,exponential
1359,1.02153004,background,exponential
1360,8.382086588,background,exponential
1361,3.437873219,background,exponential
1362,5.984883313,signal,gaussian
1363,4.211921967,signal,gaussian
1364,2.259056833,background,exponential
1365,6.49673616,background,exponential
1366,2.224639728,background,exponential
1367,1.056727348,background,exponential
1368,5.154727236,signal,gaussian
1369,9.162022241,background,exponential
1370,4.640872399,signal,gaussian
1371,0.5776187264,background,exponential
1372,1.582196134,background,exponential
1373,2.958114425,background,exponential
1374,7.684205291,background,exponential
1375,5.600920883,signal,gaussian
1376,6.163024364,signal,gaussian
1377,8.890864153,background,exponential
1378,6.845180653,background,exponential
1379,4.968084386,signal,gaussian
1380,2.422331566,background,exponential
1381,8.556208148,background,exponential
1382,2.399238523,background,exponential
1383,5.056206566,signal,gaussian
1384,0.4986942806,background,exponential
1385,3.808227278,background,exponential
1386,9.28332999,background,exponential
1387,2.872328427,background,exponential
1388,0.9035720432,background,exponential
1389,4.657180087,signal,gaussian
1390,4.967679586,background,exponential
1391,4.195479095,signal,gaussian
1392,7.945021063,background,exponential
1393,9.51446568,background,exponential
1394,3.594385095,background,exponential
1395,2.140228153,background,exponential
1396,7.043029076,signal,gaussian
1397,8.662865697,background,exponential
1398,9.189060185,background,exponential
1399,4.856377647,background,exponential
1400,5.76153682,signal,gaussian
1401,4.402740165,signal,gaussian
1402,6.049493211,background,exponential
1403,4.576781229,signal,gaussian
1404,5.768114773,signal,gaussian
1405,3.423656937,background,exponential
1406,0.4595122534,background,exponential
1407,2.174209847,background,exponential
1408,5.351069923,background,exponential
1409,5.862917665,signal,gaussian
1410,5.73048724,signal,gaussian
1411,4.690561341,signal,gaussian
1412,7.534116404,background,exponential
1413,5.21332752,signal,gaussian
1414,4.468838119,signal,gaussian
1415,3.933785737,background,exponential
1416,5.128175565,signal,gaussian
1417,1.956410413,background,exponential
1418,4.047978393,background,exponential
1419,4.480473836,background,exponential
1420,1.734079657,background,exponential
1421,3.946233976,background,exponential
1422,8.331795589,background,exponential
1423,1.467483926,background,exponential
1424,7.720779734,background,exponential
1425,6.570401333,background,exponential
1426,8.929607746,background,exponential
1427,1.61901836,background,exponential
1428,3.672903624,signal,gaussian
1429,4.890096058,signal,gaussian
1430,6.243936987,signal,gaussian
1431,5.273498336,signal,gaussian
1432,0.3134209444,background,exponential
1433,4.951610334,background,exponential
1434,5.343528631,signal,gaussian
1435,8.21936344,background,exponential
1436,2.140893809,background,exponential
1437,3.68643189,background,exponential
1438,5.085349206,signal,gaussian
1439,4.284384277,signal,gaussian
1440,4.56892959,background,exponential
1441,0.7883647609,background,exponential
1442,1.921086002,background,exponential
1443,7.389647783,background,exponential
1444,6.679897935,background,exponential
1445,6.760057632,background,exponential
1446,6.257413076,background,exponential
1447,8.662374679,background,exponential
1448,4.657467039,background,exponential
1449,0.06145371161,background,exponential
1450,5.204982359,signal,gaussian
1451,3.490977229,background,exponential
1452,4.091156684,background,exponential
1453,5.921050125,signal,gaussian
1454,4.350885319,background,exponential
1455,1.457472502,background,exponential
1456,0.9879048878,background,exponential
1457,1.504954405,background,exponential
1458,5.432383145,signal,gaussian
1459,5.459247279,signal,gaussian
1460,4.515098708,background,exponential
1461,7.615047705,background,exponential
1462,5.008305566,signal,gaussian
1463,7.779389222,background,exponential
1464,5.371513719,background,exponential
1465,3.498745616,background,exponential
1466,3.977803591,signal,gaussian
1467,2.101463384,background,exponential
1468,5.049739462,background,exponential
1469,0.3303310906,background,exponential
1470,1.330529252,background,exponential
1471,0.4940694719,background,exponential
1472,3.481940568,background,exponential
1473,0.265134109,background,exponential
1474,4.212945654,background,exponential
1475,5.979767955,background,exponential
1476,4.026579419,background,exponential
1477,4.195026641,signal,gaussian
1478,2.909499521,background,exponential
1479,5.936699895,background,exponential
1480,4.018042214,signal,gaussian
1481,1.082119773,background,exponential
1482,5.434371912,background,exponential
1483,0.3492819792,background,exponential
1484,2.225918562,background,exponential
1485,2.447584102,background,exponential
1486,0.1807514896,background,exponential
1487,1.184810689,background,exponential
1488,9.820750336,background,exponential
1489,5.458086356,signal,gaussian
1490,2.983049563,background,exponential
1491,0.4438445587,background,exponential
1492,2.343465162,background,exponential
1493,8.187993089,background,exponential
1494,6.039415462,signal,gaussian
1495,4.739159796,signal,gaussian
1496,3.199143941,background,exponential
1497,4.579956534,signal,gaussian
1498,2.691035253,background,exponential
1499,0.009261628361,background,exponential
1500,5.2373235,signal,gaussian
1501,4.865228734,signal,gaussian
1502,0.7311768645,background,exponential
1503,3.961861391,background,exponential
1504,8.342857365,background,exponential
1505,6.19050744,signal,gaussian
1506,0.6961182705,background,exponential
1507,6.305551919,background,exponential
1508,3.757535799,background,exponential
1509,3.963733592,background,exponential
1510,3.543973668,background,exponential
1511,7.272489392,background,exponential
1512,8.8989265,background,exponential
1513,7.007213633,background,exponential
1514,4.049011976,signal,gaussian
1515,5.305017476,background,exponential
1516,5.652602153,signal,gaussian
1517,1.40964153,background,exponential
1518,3.577353243,background,exponential
1519,5.446924277,signal,gaussian
1520,6.018682619,background,exponential
1521,9.540406361,background,exponential
1522,9.493075186,background,exponential
1523,5.769150112,background,exponential
1524,8.010786617,background,exponential
1525,0.1613587201,background,exponential
1526,4.925230326,signal,gaussian
1527,3.779542081,background,exponential
1528,2.844387813,background,exponential
1529,5.060140609,signal,gaussian
1530,0.9066064768,background,exponential
1531,2.849941872,background,exponential
1532,2.89014448,background,exponential
1533,3.930323956,background,exponential
1534,4.455947456,signal,gaussian
1535,9.695242341,background,exponential
1536,6.059194019,signal,gaussian
1537,7.597665989,background,exponential
1538,4.033500233,signal,gaussian
1539,2.426975312,background,exponential
1540,8.863373607,background,exponential
1541,1.654082821,background,exponential
1542,5.516591559,background,exponential
1543,3.532033572,background,exponential
1544,8.527454291,background,exponential
1545,5.769251431,background,exponential
1546,5.52217413,signal,gaussian
1547,3.947181084,background,exponential
1548,0.1443283206,background,exponential
1549,3.079817908,background,exponential
1550,9.813694431,background,exponential
1551,3.755161133,signal,gaussian
1552,4.758936525,signal,gaussian
1553,5.707074643,background,exponential
1554,4.255127916,signal,gaussian
1555,4.320960367,background,exponential
1556,5.634508353,signal,gaussian
1557,2.647214911,background,exponential
1558,0.9901658383,background,exponential
1559,9.395116338,background,exponential
1560,0.7153167571,background,exponential
1561,2.979297223,background,exponential
1562,9.233707144,background,exponential
1563,4.934789427,background,exponential
1564,8.471881922,background,exponential
1565,7.841144619,background,exponential
1566,4.297797379,signal,gaussian
1567,3.167362801,background,exponential
1568,4.056524628,signal,gaussian
1569,2.695984851,background,exponential
1570,3.432382202,background,exponential
1571,4.777364843,background,exponential
1572,5.377845297,signal,gaussian
1573,0.7358740594,background,exponential
1574,9.602470476,background,exponential
1575,3.39448114,signal,gaussian
1576,1.272512061,background,exponential
1577,9.613244946,background,exponential
1578,7.414454259,background,exponential
1579,6.537662079,background,exponential
1580,3.035633472,background,exponential
1581,3.922312604,background,exponential
1582,1.353885743,background,exponential
1583,5.116523972,background,exponential
1584,7.309738985,background,exponential
1585,4.495232856,signal,gaussian
1586,5.642069773,signal,gaussian
1587,5.299446541,background,exponential
1588,1.699136943,background,exponential
1589,5.78688703,signal,gaussian
1590,0.2286625711,background,exponential
1591,0.5335391407,background,exponential
1592,7.097754113,background,exponential
1593,7.46173688,background,exponential
1594,3.299136855,background,exponential
1595,0.4404358581,background,exponential
1596,5.626260327,background,exponential
1597,0.2293004669,background,exponential
1598,2.870431315,background,exponential
1599,4.777184606,background,exponential
1600,4.25312495,background,exponential
1601,5.725322161,background,exponential
1602,0.02184650376,background,exponential
1603,3.973114762,background,exponential
1604,7.715137662,background,exponential
1605,2.257643595,background,exponential
1606,6.17686026,signal,gaussian
1607,4.736493986,signal,gaussian
1608,9.48140094,background,exponential
1609,7.238255177,background,exponential
1610,4.345615188,signal,gaussian
1611,9.001995332,background,exponential
1612,2.583983338,background,exponential
1613,1.707399134,background,exponential
1614,2.709754696,background,exponential
1615,1.086737038,background,exponential
1616,9.029009023,background,exponential
1617,5.957609597,signal,gaussian
1618,4.543611884,background,exponential
1619,4.953899673,signal,gaussian
1620,0.6936435079,background,exponential
1621,6.051773554,background,exponential
1622,6.908404163,background,exponential
1623,1.818780495,background,exponential
1624,5.051833304,background,exponential
1625,1.352202213,background,exponential
1626,4.07325573,signal,gaussian
1627,2.412144256,background,exponential
1628,8.788180535,background,exponential
1629,5.045253985,signal,gaussian
1630,5.030197965,signal,gaussian
1631,4.121568973,signal,gaussian
1632,0.3377125024,background,exponential
1633,0.373520596,background,exponential
1634,3.194744053,background,exponential
1635,0.1148387181,background,exponential
1636,4.709115782,signal,gaussian
1637,5.736501835,signal,gaussian
1638,9.301795801,background,exponential
1639,0.9316237535,background,exponential
1640,5.394175313,signal,gaussian
1641,4.169397794,background,exponential
1642,9.065343593,background,exponential
1643,5.147321944,background,exponential
1644,7.072953895,background,exponential
1645,9.247151339,background,exponential
1646,1.753851974,background,exponential
1647,0.8930904654,background,exponential
1648,8.784385137,background,exponential
1649,3.232101815,background,exponential
1650,7.322017252,background,exponential
1651,0.3094128512,background,exponential
1652,1.09684317,background,exponential
1653,3.586861789,background,exponential
1654,3.951259631,signal,gaussian
1655,3.017976581,background,exponential
1656,8.918522601,background,exponential
1657,7.619071061,background,exponential
1658,5.619880623,background,exponential
1659,4.286310944,background,exponential
1660,5.089333362,background,exponential
1661,1.305944847,background,exponential
1662,2.9926668,background,exponential
1663,3.291768754,background,exponential
1664,4.054509156,background,exponential
1665,1.125014339,background,exponential
1666,4.728012441,background,exponential
1667,2.720427385,background,exponential
1668,4.400155562,background,exponential
1669,1.632100474,background,exponential
1670,9.759130884,background,exponential
1671,1.080824199,background,exponential
1672,0.7301729908,background,exponential
1673,5.567073449,background,exponential
1674,3.90681284,background,exponential
1675,7.861358068,background,exponential
1676,4.740020717,signal,gaussian
1677,6.47627159,background,exponential
1678,7.740760655,background,exponential
1679,4.368235786,background,exponential
1680,8.788043942,background,exponential
1681,2.601056288,background,exponential
1682,1.819865655,background,exponential
1683,5.551792755,signal,gaussian
1684,0.7092833015,background,exponential
1685,1.990383551,background,exponential
1686,5.510133862,signal,gaussian
1687,4.310308366,background,exponential
1688,6.518298581,background,exponential
1689,8.506931509,background,exponential
1690,4.873010785,background,exponential
1691,9.218919279,background,exponential
1692,5.35346708,signal,gaussian
1693,5.917153221,background,exponential
1694,0.6512808537,background,exponential
1695,2.514559968,background,exponential
1696,7.692581142,background,exponential
1697,4.076903295,background,exponential
1698,5.497382192,signal,gaussian
1699,4.432413829,background,exponential
1700,5.050732988,signal,gaussian
1701,4.635247946,signal,gaussian
1702,1.865943024,background,exponential
1703,5.474294485,signal,gaussian
1704,5.03687953,signal,gaussian
1705,4.784074896,background,exponential
1706,1.577720936,background,exponential
1707,9.649044616,background,exponential
1708,1.466083446,background,exponential
1709,7.749306688,background,exponential
1710,2.413826086,background,exponential
1711,5.11984645,signal,gaussian
1712,7.640506668,background,exponential
1713,4.366348187,signal,gaussian
1714,5.94426637,signal,gaussian
1715,5.137570964,background,exponential
1716,0.06140332611,background,exponential
1717,4.331490012,signal,gaussian
1718,9.673500887,background,exponential
1719,4.439345682,signal,gaussian
1720,3.423421727,background,exponential
1721,5.144134012,background,exponential
1722,1.235412066,background,exponential
1723,1.374373685,background,exponential
1724,4.764681112,background,exponential
1725,1.469415818,background,exponential
1726,1.115356287,background,exponential
1727,0.2980635745,background,exponential
1728,0.3650329565,background,exponential
1729,6.533498087,background,exponential
1730,1.114564034,background,exponential
1731,5.058735598,signal,gaussian
1732,4.765353211,background,exponential
1733,4.834890035,signal,gaussian
1734,6.2377362,background,exponential
1735,1.041615987,background,exponential
1736,2.135580672,background,exponential
1737,3.036255865,background,exponential
1738,5.018148865,background,exponential
1739,2.246260502,background,exponential
1740,0.5556968793,background,exponential
1741,4.826544462,signal,gaussian
1742,1.711071219,background,exponential
1743,2.537025591,background,exponential
1744,2.150022671,background,exponential
1745,6.709326609,background,exponential
1746,5.348508126,background,exponential
1747,5.690184925,signal,gaussian
1748,3.472424757,background,exponential
1749,3.88542101,background,exponential
1750,1.798383955,background,exponential
1751,1.921044647,background,exponential
1752,8.597247188,background,exponential
1753,6.03139419,background,exponential
1754,0.6798612949,background,exponential
1755,9.162813183,background,exponential
1756,4.73579038,signal,gaussian
1757,4.133191948,signal,gaussian
1758,5.215486413,background,exponential
1759,5.669493275,signal,gaussian
1760,4.443566951,background,exponential
1761,5.173434784,signal,gaussian
1762,1.887482316,background,exponential
1763,4.000275383,background,exponential
1764,0.1032227654,background,exponential
1765,6.748502439,background,exponential
1766,7.535068486,background,exponential
1767,4.970438646,signal,gaussian
1768,8.176992748,background,exponential
1769,0.8645115772,background,exponential
1770,4.435932463,signal,gaussian
1771,0.07796549407,background,exponential
1772,4.668414354,signal,gaussian
1773,9.477949162,background,exponential
1774,3.198595664,background,exponential
1775,2.455460451,background,exponential
1776,2.349505475,background,exponential
1777,9.173925556,background,exponential
1778,2.219423709,background,exponential
1779,8.318313543,background,exponential
1780,2.789595972,background,exponential
1781,0.07487257933,background,exponential
1782,5.565348082,background,exponential
1783,4.854254306,signal,gaussian
1784,5.464629998,signal,gaussian
1785,5.754094679,signal,gaussian
1786,7.958984244,background,exponential
1787,4.74969795,background,exponential
1788,9.673277703,background,exponential
1789,9.187612329,background,exponential
1790,0.9237948237,background,exponential
1791,8.668956075,background,exponential
1792,0.3983181596,background,exponential
1793,4.872713583,signal,gaussian
1794,7.051603467,background,exponential
1795,5.545317388,signal,gaussian
1796,6.528404257,background,exponential
1797,2.587589398,background,exponential
1798,5.302964554,signal,gaussian
1799,2.880621467,background,exponential
1800,5.534102075,signal,gaussian
1801,2.55276744,background,exponential
1802,3.407785972,signal,gaussian
1803,4.620150625,signal,gaussian
1804,5.054435993,background,exponential
1805,7.976155407,background,exponential
1806,1.476134779,background,exponential
1807,5.52180634,signal,gaussian
1808,4.365694075,signal,gaussian
1809,0.7315948847,background,exponential
1810,4.448944056,background,exponential
1811,1.122400702,background,exponential
1812,5.028766992,signal,gaussian
1813,4.150555091,background,exponential
1814,5.677117851,background,exponential
1815,3.921296893,signal,gaussian
1816,9.890898231,background,exponential
1817,3.611089579,background,exponential
1818,0.1042693003,background,exponential
1819,4.878585613,signal,gaussian
1820,5.917532959,background,exponential
1821,3.233686784,background,exponential
1822,4.015412037,background,exponential
1823,6.217091006,background,exponential
1824,8.243766935,background,exponential
1825,3.816241968,background,exponential
1826,2.592753152,background,exponential
1827,0.8839283382,background,exponential
1828,1.491859584,background,exponential
1829,4.137285914,background,exponential
1830,1.204336759,background,exponential
1831,9.239883964,background,exponential
1832,5.25590131,signal,gaussian
1833,2.535315048,background,exponential
1834,8.651131164,background,exponential
1835,0.6892760182,background,exponential
1836,4.0777914,signal,gaussian
1837,5.388444641,signal,gaussian
1838,4.774339065,signal,gaussian
1839,4.479047315,background,exponential
1840,5.23068842,signal,gaussian
1841,5.585110577,signal,gaussian
1842,2.212438531,background,exponential
1843,6.041794216,background,exponential
1844,1.434649969,background,exponential
1845,4.237545051,background,exponential
1846,8.455486581,background,exponential
1847,1.275422985,background,exponential
1848,6.457601416,background,exponential
1849,4.550843105,signal,gaussian
1850,5.130076835,background,exponential
1851,1.457066053,background,exponential
1852,3.064489457,background,exponential
1853,3.915893933,background,exponential
1854,4.833548279,background,exponential
1855,5.268090753,background,exponential
1856,4.237456223,background,exponential
1857,4.238423023,background,exponential
1858,5.602250616,background,exponential
1859,7.195697075,background,exponential
1860,1.623584818,background,exponential
1861,3.509699108,signal,gaussian
1862,5.398901527,signal,gaussian
1863,1.224436335,background,exponential
1864,3.279266058,background,exponential
1865,9.543723195,background,exponential
1866,5.167017872,background,exponential
1867,4.454905319,background,exponential
1868,4.444060682,background,exponential
1869,0.5372861291,background,exponential
1870,8.764816043,background,exponential
1871,0.8019234236,background,exponential
1872,4.207790225,background,exponential
1873,5.323253298,signal,gaussian
1874,5.886566889,signal,gaussian
1875,9.659222116,background,exponential
1876,0.1331132807,background,exponential
1877,4.139227272,signal,gaussian
1878,7.479242771,background,exponential
1879,6.650079631,background,exponential
1880,5.544077042,background,exponential
1881,4.602487923,signal,gaussian
1882,4.493910978,signal,gaussian
1883,1.423947693,background,exponential
1884,4.036885136,background,exponential
1885,4.305216464,background,exponential
1886,4.133153336,signal,gaussian
1887,5.828130049,background,exponential
1888,8.180166407,background,exponential
1889,7.831556784,background,exponential
1890,5.648740633,background,exponential
1891,4.367499044,signal,gaussian
1892,6.674197548,background,exponential
1893,4.345993118,signal,gaussian
1894,2.250296364,background,exponential
1895,4.827579564,signal,gaussian
1896,4.506148471,signal,gaussian
1897,3.891301368,background,exponential
1898,6.032414632,signal,gaussian
1899,9.82352662,background,exponential
1900,2.23661499,background,exponential
1901,1.056856699,background,exponential
1902,5.510383254,background,exponential
1903,1.461885902,background,exponential
1904,1.255534004,background,exponential
1905,5.583675981,background,exponential
1906,3.720881915,background,exponential
1907,5.008370165,signal,gaussian
1908,0.1149583592,background,exponential
1909,2.722705667,background,exponential
1910,1.076507466,background,exponential
1911,3.874204046,background,exponential
1912,1.996024864,background,exponential
1913,2.961637298,background,exponential
1914,6.024658848,background,exponential
1915,5.461579164,signal,gaussian
1916,4.178088796,background,exponential
1917,6.41909177,background,exponential
1918,2.923393562,background,exponential
1919,2.648060577,background,exponential
1920,5.012468621,background,exponential
1921,7.442055567,background,exponential
1922,9.248820931,background,exponential
1923,1.904562188,background,exponential
1924,4.944447786,background,exponential
1925,6.108233778,background,exponential
1926,5.103997419,signal,gaussian
1927,7.768906535,background,exponential
1928,8.197844832,background,exponential
1929,1.454548724,background,exponential
1930,3.026128425,background,exponential
1931,2.799294531,background,exponential
1932,4.555924986,signal,gaussian
1933,1.190753924,background,exponential
1934,3.122341978,background,exponential
1935,2.702967254,background,exponential
1936,5.908538954,signal,gaussian
1937,2.843462821,background,exponential
1938,2.104590627,background,exponential
1939,4.8953207,signal,gaussian
1940,3.617403953,background,exponential
1941,5.295149876,signal,gaussian
1942,0.5363612147,background,exponential
1943,8.464123853,background,exponential
1944,6.012139765,background,exponential
1945,2.782872517,background,exponential
1946,8.576906101,background,exponential
1947,5.596694822,background,exponential
1948,7.149541177,background,exponential
1949,8.980293352,background,exponential
1950,9.040944522,background,exponential
1951,4.190799413,background,exponential
1952,3.018273925,background,exponential
1953,3.339020493,background,exponential
1954,3.902662504,background,exponential
1955,7.90157339,background,exponential
1956,9.513413738,background,exponential
1957,5.054301802,signal,gaussian
1958,6.007451328,background,exponential
1959,5.091636872,signal,gaussian
1960,8.124722702,background,exponential
1961,1.408588687,background,exponential
1962,3.876943878,background,exponential
1963,0.2388214719,background,exponential
1964,3.337970507,background,exponential
1965,2.677131507,background,exponential
1966,2.453965592,background,exponential
1967,4.099331289,background,exponential
1968,6.14569863,background,exponential
1969,0.8544244004,background,exponential
1970,4.233074188,background,exponential
1971,1.531260949,background,exponential
1972,4.626293818,signal,gaussian
1973,9.646526937,background,exponential
1974,4.563565559,background,exponential
1975,7.724693975,background,exponential
1976,4.601362003,signal,gaussian
1977,2.223939253,background,exponential
1978,2.403160578,background,exponential
1979,1.4062308,background,exponential
1980,9.416628543,background,exponential
1981,9.097697488,background,exponential
1982,2.607920406,background,exponential
1983,8.59287608,background,exponential
1984,3.541274927,background,exponential
1985,4.959156818,background,exponential
1986,6.582683015,background,exponential
1987,0.06081321944,background,exponential
1988,2.853342339,background,exponential
1989,5.517880298,signal,gaussian
1990,5.069374941,background,exponential
1991,8.180848184,background,exponential
1992,1.353357166,background,exponential
1993,2.112696367,background,exponential
1994,9.153874181,background,exponential
1995,6.992036546,background,exponential
1996,5.790505212,background,exponential
1997,8.325501039,background,exponential
1998,5.307284819,background,exponential
1999,2.682139994,background,exponential
2000,8.809870713,background,exponential
2001,2.76676952,background,exponential
2002,6.198519825,background,exponential
2003,3.905311987,signal,gaussian
2004,0.7444423581,background,exponential
2005,3.830875962,signal,gaussian
2006,5.053532815,background,exponential
2007,1.804993067,background,exponential
2008,2.564685115,background,exponential
2009,8.201963683,background,exponential
2010,8.488434854,background,exponential
2011,2.063543549,background,exponential
2012,6.283762692,background,exponential
2013,1.521826264,background,exponential
2014,5.238529297,signal,gaussian
2015,4.244206588,signal,gaussian
2016,4.887037164,background,exponential
2017,5.775278751,signal,gaussian
2018,3.985044615,background,exponential
2019,9.484600528,background,exponential
2020,5.745945549,background,exponential
2021,4.986677251,signal,gaussian
2022,0.4124924809,background,exponential
2023,5.792615959,signal,gaussian
2024,4.665750653,signal,gaussian
2025,0.3939842763,background,exponential
2026,1.790769602,background,exponential
2027,2.095774968,background,exponential
2028,5.388835222,background,exponential
2029,1.294441211,background,exponential
2030,5.826648125,background,exponential
2031,0.3816272528,background,exponential
2032,5.740158795,signal,gaussian
2033,2.48575379,background,exponential
2034,4.035453098,signal,gaussian
2035,3.161272447,background,exponential
2036,0.3719833024,background,exponential
2037,5.399359769,signal,gaussian
2038,1.070742336,background,exponential
2039,9.763682739,background,exponential
2040,4.641094478,signal,gaussian
2041,4.16080221,background,exponential
2042,1.381035764,background,exponential
2043,8.215605814,background,exponential
2044,1.05454992,background,exponential
2045,0.1203767136,background,exponential
2046,7.96863634,background,exponential
2047,2.683884567,background,exponential
2048,9.796358088,background,exponential
2049,4.86786835,signal,gaussian
2050,0.3298944595,background,exponential
2051,5.023088387,signal,gaussian
2052,1.622385247,background,exponential
2053,6.69560648,background,exponential
2054,5.225045694,background,exponential
2055,5.318654796,signal,gaussian
2056,4.740998803,background,exponential
2057,4.429925987,background,exponential
2058,5.27469346,signal,gaussian
2059,4.759225495,background,exponential
2060,5.88508916,signal,gaussian
2061,3.899913805,background,exponential
2062,1.421464186,background,exponential
2063,5.45333766,signal,gaussian
2064,7.740043932,background,exponential
2065,3.728690408,background,exponential
2066,5.265294751,signal,gaussian
2067,1.054135461,background,exponential
2068,4.017162989,background,exponential
2069,4.418801899,signal,gaussian
2070,8.528856736,background,exponential
2071,8.161451945,background,exponential
2072,5.988178773,signal,gaussian
2073,4.399620504,signal,gaussian
2074,3.308933412,background,exponential
2075,6.022431423,background,exponential
2076,2.626555216,background,exponential
2077,0.3121939958,background,exponential
2078,0.59546804,background,exponential
2079,4.112365439,background,exponential
2080,4.570856002,signal,gaussian
2081,3.261949173,signal,gaussian
2082,3.865090665,signal,gaussian
2083,6.632060499,background,exponential
2084,5.418323894,background,exponential
2085,3.981289431,signal,gaussian
2086,2.847185811,background,exponential
2087,7.313475789,background,exponential
2088,6.211077164,background,exponential
2089,5.132860547,background,exponential
2090,4.379113743,signal,gaussian
2091,6.150937197,background,exponential
2092,7.160693136,background,exponential
2093,6.355241444,background,exponential
2094,7.16943922,background,exponential
2095,2.818151812,background,exponential
2096,0.1639078498,background,exponential
2097,3.568024282,signal,gaussian
2098,9.22465223,background,exponential
2099,1.338606488,background,exponential
2100,1.259958519,background,exponential
2101,8.339404871,background,exponential
2102,4.988626982,background,exponential
2103,0.06474792234,background,exponential
2104,0.3396301529,background,exponential
2105,4.104634806,signal,gaussian
2106,5.629278291,background,exponential
2107,0.2170160526,background,exponential
2108,3.89710776,background,exponential
2109,4.719737798,background,exponential
2110,9.846079516,background,exponential
2111,6.064656608,signal,gaussian
2112,8.606855516,background,exponential
2113,1.239173473,background,exponential
2114,5.286838809,background,exponential
2115,0.2779384304,background,exponential
2116,2.309082266,background,exponential
2117,5.719360766,signal,gaussian
2118,0.4594273697,background,exponential
2119,2.344637357,background,exponential
2120,4.67029018,signal,gaussian
2121,0.3706860214,background,exponential
2122,7.904582371,background,exponential
2123,1.558031477,background,exponential
2124,4.413139327,background,exponential
2125,4.311227313,background,exponential
2126,2.274860895,background,exponential
2127,2.772872729,background,exponential
2128,5.740207446,signal,gaussian
2129,4.778901891,background,exponential
2130,4.645409379,signal,gaussian
2131,0.3296221762,background,exponential
2132,5.964598687,signal,gaussian
2133,2.994420615,background,exponential
2134,6.875879774,signal,gaussian
2135,5.569445913,signal,gaussian
2136,0.9584682327,background,exponential
2137,5.428497659,signal,gaussian
2138,5.244819797,signal,gaussian
2139,5.240139701,background,exponential
2140,2.051075314,background,exponential
2141,0.7864706366,background,exponential
2142,9.778328131,background,exponential
2143,4.412007823,signal,gaussian
2144,4.926197837,signal,gaussian
2145,1.408110595,background,exponential
2146,2.123668684,background,exponential
2147,6.96777975,background,exponential
2148,0.04423923706,background,exponential
2149,1.83985181,background,exponential
2150,0.8431971964,background,exponential
2151,6.301480784,background,exponential
2152,3.338830357,background,exponential
2153,6.641758477,background,exponential
2154,3.180646331,signal,gaussian
2155,7.521013436,background,exponential
2156,3.819006394,background,exponential
2157,5.199035171,signal,gaussian
2158,0.2067971167,background,exponential
2159,5.885199901,signal,gaussian
2160,2.706266454,background,exponential
2161,3.536737601,signal,gaussian
2162,5.027983142,signal,gaussian
2163,5.52739073,signal,gaussian
2164,9.920470155,background,exponential
2165,4.350246713,background,exponential
2166,9.61626011,background,exponential
2167,4.885370092,signal,gaussian
2168,5.337542649,background,exponential
2169,1.947913778,background,exponential
2170,3.88495008,background,exponential
2171,1.335276928,background,exponential
2172,2.1897112,background,exponential
2173,3.807504625,background,exponential
2174,5.919348259,background,exponential
2175,2.190155669,background,exponential
2176,6.544965971,background,exponential
2177,5.000426759,signal,gaussian
2178,5.615391659,signal,gaussian
2179,1.724965353,background,exponential
2180,4.951387272,signal,gaussian
2181,7.262602756,background,exponential
2182,5.066525284,background,exponential
2183,8.994162009,background,exponential
2184,5.643328358,background,exponential
2185,4.554329148,signal,gaussian
2186,3.44740057,background,exponential
2187,0.1366758976,background,exponential
2188,1.31580455,background,exponential
2189,5.633140725,background,exponential
2190,6.165531903,background,exponential
2191,1.97684975,background,exponential
2192,7.603915077,background,exponential
2193,9.924074289,background,exponential
2194,1.217904846,background,exponential
2195,8.912807249,background,exponential
2196,5.170684394,signal,gaussian
2197,1.023666255,background,exponential
2198,5.497469768,signal,gaussian
2199,6.037573856,background,exponential
2200,4.002695173,signal,gaussian
2201,0.07761339892,background,exponential
2202,1.714269225,background,exponential
2203,3.023132943,background,exponential
2204,1.623501246,background,exponential
2205,4.045039139,signal,gaussian
2206,9.597219579,background,exponential
2207,7.498388646,background,exponential
2208,2.647157947,background,exponential
2209,2.062675769,background,exponential
2210,9.801581275,background,exponential
2211,9.82646141,background,exponential
2212,3.436731492,background,exponential
2213,1.475931328,background,exponential
2214,2.395684713,background,exponential
2215,1.541352553,background,exponential
2216,1.385079074,background,exponential
2217,0.8743428507,background,exponential
2218,0.5869330021,background,exponential
2219,5.354633401,background,exponential
2220,2.996353782,background,exponential
2221,6.032091475,background,exponential
2222,0.2055077076,background,exponential
2223,1.943952611,background,exponential
2224,6.653341836,background,exponential
2225,1.398693499,background,exponential
2226,5.230571782,background,exponential
2227,5.568041232,background,exponential
2228,7.269489691,background,exponential
2229,0.3059100163,background,exponential
2230,2.638177786,background,exponential
2231,0.8956207895,background,exponential
2232,5.622507291,background,exponential
2233,4.606480092,signal,gaussian
2234,7.589106846,background,exponential
2235,4.32503672,signal,gaussian
2236,7.002704815,background,exponential
2237,0.1821288376,background,exponential
2238,9.10092119,background,exponential
2239,1.587187147,background,exponential
2240,3.245033092,background,exponential
2241,2.7723327,background,exponential
2242,4.078364966,background,exponential
2243,3.810330334,signal,gaussian
2244,0.5840281339,background,exponential
2245,1.907333305,background,exponential
2246,4.160579078,signal,gaussian
2247,2.578193618,background,exponential
2248,8.935844607,background,exponential
2249,5.13277011,background,exponential
2250,5.276510054,signal,gaussian
2251,1.847279139,background,exponential
2252,5.965178116,signal,gaussian
2253,0.9513884285,background,exponential
2254,2.086405326,background,exponential
2255,9.508607087,background,exponential
2256,5.113950727,signal,gaussian
2257,5.240762614,background,exponential
2258,4.010351353,signal,gaussian
2259,0.9940163929,background,exponential
2260,0.154979574,background,exponential
2261,6.097867973,signal,gaussian
2262,6.559149487,background,exponential
2263,0.804411258,background,exponential
2264,4.829193069,signal,gaussian
2265,5.28949737,signal,gaussian
2266,5.943937029,signal,gaussian
2267,4.929745861,background,exponential
2268,5.88204045,background,exponential
2269,5.173707289,signal,gaussian
2270,1.332781504,background,exponential
2271,0.02880857293,background,exponential
2272,5.201426195,background,exponential
2273,4.239285707,signal,gaussian
2274,4.969518027,background,exponential
2275,2.571495834,background,exponential
2276,5.129750475,background,exponential
2277,4.952878563,signal,gaussian
2278,5.090753259,signal,gaussian
2279,3.403532236,background,exponential
2280,1.856463675,background,exponential
2281,3.92906525,background,exponential
2282,4.737859774,signal,gaussian
2283,1.640813076,background,exponential
2284,4.879951237,background,exponential
2285,3.314479035,background,exponential
2286,2.229668914,background,exponential
2287,4.819883885,signal,gaussian
2288,1.673942944,background,exponential
2289,0.9755424898,background,exponential
2290,9.244366704,background,exponential
2291,9.050394712,background,exponential
2292,4.186641349,background,exponential
2293,1.532006382,background,exponential
2294,1.988875544,background,exponential
2295,1.850948558,background,exponential
2296,4.299951644,background,exponential
2297,4.386244927,signal,gaussian
2298,4.448368297,background,exponential
2299,4.583035374,signal,gaussian
2300,4.912467165,signal,gaussian
2301,1.793736843,background,exponential
2302,6.008183365,signal,gaussian
2303,3.470703827,signal,gaussian
2304,6.094347281,signal,gaussian
2305,0.8254940695,background,exponential
2306,0.3088608269,background,exponential
2307,5.400879716,background,exponential
2308,5.475920164,signal,gaussian
2309,4.245528061,background,exponential
2310,5.746774954,signal,gaussian
2311,2.307495976,background,exponential
2312,1.879970274,background,exponential
2313,4.998062738,background,exponential
2314,4.781615216,background,exponential
2315,4.68173988,background,exponential
2316,0.8833826634,background,exponential
2317,3.201044715,background,exponential
2318,4.597510558,background,exponential
2319,1.679808578,background,exponential
2320,5.525512519,signal,gaussian
2321,0.9913324911,background,exponential
2322,4.001710296,background,exponential
2323,0.5273964835,background,exponential
2324,1.515798451,background,exponential
2325,0.9799514567,background,exponential
2326,7.050231633,background,exponential
2327,2.109272549,background,exponential
2328,5.573234206,signal,gaussian
2329,4.051689901,background,exponential
2330,1.214670349,background,exponential
2331,5.867138369,background,exponential
2332,9.222226744,background,exponential
2333,2.881001536,background,exponential
2334,4.301520453,background,exponential
2335,6.526524036,background,exponential
2336,5.028113936,signal,gaussian
2337,4.683969021,signal,gaussian
2338,8.270321201,background,exponential
2339,2.086005913,background,exponential
2340,0.5368054779,background,exponential
2341,4.419174048,background,exponential
2342,4.575847245,signal,gaussian
2343,0.3265805899,background,exponential
2344,4.614263667,signal,gaussian
2345,5.426149342,signal,gaussian
2346,3.769722296,signal,gaussian
2347,5.155119084,signal,gaussian
2348,4.255249436,background,exponential
2349,5.94766371,background,exponential
2350,5.3813712,background,exponential
2351,0.7589975224,background,exponential
2352,0.02518529208,background,exponential
2353,6.799943481,background,exponential
2354,9.545557407,background,exponential
2355,5.631821553,background,exponential
2356,5.596718346,background,exponential
2357,9.72601263,background,exponential
2358,3.969566197,background,exponential
2359,8.545083028,background,exponential
2360,7.473671751,background,exponential
2361,1.066526763,background,exponential
2362,5.62184321,signal,gaussian
2363,2.874559382,background,exponential
2364,5.036893671,background,exponential
2365,0.5841616526,background,exponential
2366,0.2294174587,background,exponential
2367,5.509972662,background,exponential
2368,2.295956268,background,exponential
2369,4.513155674,background,exponential
2370,2.837972747,background,exponential
2371,4.817818771,signal,gaussian
2372,9.526625277,background,exponential
2373,5.931596506,background,exponential
2374,3.161715869,background,exponential
2375,4.209177408,background,exponential
2376,4.931573269,background,exponential
2377,4.697021777,background,exponential
2378,5.72503319,signal,gaussian
2379,4.232759822,background,exponential
2380,2.753876397,background,exponential
2381,4.57106651,signal,gaussian
2382,5.743506865,background,exponential
2383,4.933342913,signal,gaussian
2384,1.414853215,background,exponential
2385,5.784737703,signal,gaussian
2386,5.113728999,background,exponential
2387,5.157080567,signal,gaussian
2388,6.606327975,background,exponential
2389,3.676923005,background,exponential
2390,0.7518717237,background,exponential
2391,1.383249483,background,exponential
2392,6.734346405,background,exponential
2393,9.123374965,background,exponential
2394,4.986819397,signal,gaussian
2395,2.453135476,background,exponential
2396,3.133783149,background,exponential
2397,8.478970189,background,exponential
2398,4.526939316,signal,gaussian
2399,9.840753171,background,exponential
2400,4.180906539,signal,gaussian
2401,1.685649464,background,exponential
2402,6.111068609,signal,gaussian
2403,4.507310424,signal,gaussian
2404,5.20944267,signal,gaussian
2405,8.352498096,background,exponential
2406,4.568415011,signal,gaussian
2407,1.773989287,background,exponential
2408,4.288313764,signal,gaussian
2409,4.165959687,signal,gaussian
2410,8.00036989,background,exponential
2411,4.971802761,signal,gaussian
2412,2.980776629,background,exponential
2413,0.8189336996,background,exponential
2414,3.431557681,background,exponential
2415,4.437172393,background,exponential
2416,9.082659441,background,exponential
2417,9.016852014,background,exponential
2418,3.346178812,background,exponential
2419,7.616627985,background,exponential
2420,0.06060738289,background,exponential
2421,4.907644909,background,exponential
2422,9.02389358,background,exponential
2423,2.314330363,background,exponential
2424,0.1479057775,background,exponential
2425,8.823631357,background,exponential
2426,4.814006744,background,exponential
2427,7.167003469,background,exponential
2428,4.381840866,signal,gaussian
2429,4.967475014,background,exponential
2430,0.6207777569,background,exponential
2431,3.295350921,background,exponential
2432,7.043043897,background,exponential
2433,6.107981432,background,exponential
2434,4.416955266,signal,gaussian
2435,7.180307665,background,exponential
2436,2.070778938,background,exponential
2437,5.870730613,signal,gaussian
2438,1.527723492,background,exponential
2439,5.636666357,background,exponential
2440,0.7444652193,background,exponential
2441,4.712785874,signal,gaussian
2442,5.42065383,background,exponential
2443,6.923597201,background,exponential
2444,6.371625616,background,exponential
2445,6.024357132,background,exponential
2446,1.566209041,background,exponential
2447,4.30240195,signal,gaussian
2448,4.475018621,signal,gaussian
2449,7.669437016,background,exponential
2450,1.003411984,background,exponential
2451,3.035162373,background,exponential
2452,6.019159332,background,exponential
2453,4.725127634,signal,gaussian
2454,5.325827507,signal,gaussian
2455,7.206718546,background,exponential
2456,2.596815772,background,exponential
2457,5.958035918,background,exponential
2458,3.551813084,background,exponential
2459,1.40740885,background,exponential
2460,0.06492785016,background,exponential
2461,1.751999302,background,exponential
2462,6.162066265,signal,gaussian
2463,0.470657179,background,exponential
2464,5.37659473,signal,gaussian
2465,9.07098322,background,exponential
2466,4.106791942,background,exponential
2467,0.8760701567,background,exponential
2468,5.784222319,background,exponential
2469,6.57334968,signal,gaussian
2470,5.92288749,background,exponential
2471,4.767802453,signal,gaussian
2472,1.118241938,background,exponential
2473,2.695718284,background,exponential
2474,1.244803005,background,exponential
2475,2.281633178,background,exponential
2476,7.358369687,background,exponential
2477,2.153127352,background,exponential
2478,1.507635281,background,exponential
2479,2.483913549,background,exponential
2480,3.215590118,background,exponential
2481,7.087963884,signal,gaussian
2482,5.757936443,signal,gaussian
2483,4.125925164,signal,gaussian
2484,5.767030589,signal,gaussian
2485,5.957217775,signal,gaussian
2486,2.601536488,background,exponential
2487,2.98979898,background,exponential
2488,5.400249187,background,exponential
2489,4.8236866,signal,gaussian
2490,6.761719266,background,exponential
2491,0.4609250991,background,exponential
2492,8.487403633,background,exponential
2493,6.074763323,signal,gaussian
2494,8.122309721,background,exponential
2495,0.7592249238,background,exponential
2496,3.257295733,background,exponential
2497,2.808179626,background,exponential
2498,5.595708659,signal,gaussian
2499,2.783251941,background,exponential
2500,0.004575373449,background,exponential
2501,6.164512983,background,exponential
2502,9.469629886,background,exponential
2503,9.162542609,background,exponential
2504,6.283624314,background,exponential
2505,7.417753018,background,exponential
2506,5.327372124,background,exponential
2507,1.850634885,background,exponential
2508,8.822293366,background,exponential
2509,2.749232152,background,exponential
2510,9.422788312,background,exponential
2511,1.58232104,background,exponential
2512,6.347705445,signal,gaussian
2513,3.117743567,background,exponential
2514,5.222100208,signal,gaussian
2515,5.504302721,signal,gaussian
2516,3.541925361,background,exponential
2517,0.8031930385,background,exponential
2518,3.61570513,background,exponential
2519,4.681079444,signal,gaussian
2520,5.483119288,signal,gaussian
2521,4.812462608,background,exponential
2522,7.256909145,background,exponential
2523,9.475566533,background,exponential
2524,4.043946736,background,exponential
2525,5.593705273,background,exponential
2526,5.438857133,signal,gaussian
2527,5.38502336,background,exponential
2528,4.034174193,background,exponential
2529,6.306035856,signal,gaussian
2530,2.612851966,background,exponential
2531,7.59262151,background,exponential
2532,0.3178945271,background,exponential
2533,2.916914806,background,exponential
2534,2.21637952,background,exponential
2535,5.93206361,background,exponential
2536,1.941225598,background,exponential
2537,0.2086273253,background,exponential
2538,7.343723176,background,exponential
2539,4.337644132,signal,gaussian
2540,2.129113087,background,exponential
2541,3.353064684,signal,gaussian
2542,1.833105121,background,exponential
2543,0.5090252486,background,exponential
2544,7.917134341,background,exponential
2545,4.539596195,signal,gaussian
2546,5.348071452,signal,gaussian
2547,1.62272634,background,exponential
2548,2.557587871,background,exponential
2549,1.948264628,background,exponential
2550,1.047432768,background,exponential
2551,3.916660511,background,exponential
2552,8.335950486,background,exponential
2553,0.6057401181,background,exponential
2554,4.941516532,signal,gaussian
2555,6.199886587,signal,gaussian
2556,5.639632061,signal,gaussian
2557,5.820851038,signal,gaussian
2558,4.085820665,background,exponential
2559,0.3916472047,background,exponential
2560,4.623567831,signal,gaussian
2561,8.333589895,background,exponential
2562,4.143197837,signal,gaussian
2563,4.953609331,signal,gaussian
2564,1.883659097,background,exponential
2565,7.55817236,background,exponential
2566,6.25449946,background,exponential
2567,2.729896653,background,exponential
2568,5.126072725,signal,gaussian
2569,0.150588088,background,exponential
2570,4.042683748,signal,gaussian
2571,9.431434256,background,exponential
2572,4.920674445,signal,gaussian
2573,0.765479523,background,exponential
2574,3.627903746,background,exponential
2575,0.6170274676,background,exponential
2576,3.296948069,background,exponential
2577,2.57572001,background,exponential
2578,1.582116212,background,exponential
2579,4.708031217,signal,gaussian
2580,7.063962945,background,exponential
2581,6.241355416,signal,gaussian
2582,0.01957812264,background,exponential
2583,3.366824612,background,exponential
2584,9.297934137,background,exponential
2585,7.381733803,background,exponential
2586,5.324317371,signal,gaussian
2587,5.309867453,signal,gaussian
2588,0.9867722508,background,exponential
2589,0.0668316322,background,exponential
2590,7.481255892,background,exponential
2591,0.7065009737,background,exponential
2592,3.87650579,background,exponential
2593,8.756992297,background,exponential
2594,6.234643,signal,gaussian
2595,0.5710216138,background,exponential
2596,4.684357876,background,exponential
2597,3.008870697,background,exponential
2598,2.21885879,background,exponential
2599,5.653278007,signal,gaussian
2600,4.759120038,signal,gaussian
2601,0.1730868786,background,exponential
2602,3.882346672,signal,gaussian
2603,3.681701028,signal,gaussian
2604,7.37322356,background,exponential
2605,4.702180153,background,exponential
2606,6.129657658,background,exponential
2607,7.40994167,background,exponential
2608,8.08869908,background,exponential
2609,1.150003294,background,exponential
2610,7.442555973,background,exponential
2611,2.434141042,background,exponential
2612,0.4399651718,background,exponential
2613,8.228937044,background,exponential
2614,5.308151573,signal,gaussian
2615,5.101747473,signal,gaussian
2616,6.585403652,background,exponential
2617,4.278968776,background,exponential
2618,1.417069799,background,exponential
2619,8.85727998,background,exponential
2620,2.87217599,background,exponential
2621,4.797537023,signal,gaussian
2622,8.132835317,background,exponential
2623,3.941097874,signal,gaussian
2624,0.232873447,background,exponential
2625,5.691044463,signal,gaussian
2626,6.529548907,background,exponential
2627,8.998110677,background,exponential
2628,2.815721477,background,exponential
2629,6.779473843,background,exponential
2630,4.056889061,background,exponential
2631,6.854392719,background,exponential
2632,8.061710029,background,exponential
2633,0.028370786,background,exponential
2634,8.923877231,background,exponential
2635,4.530708614,signal,gaussian
2636,5.76592962,signal,gaussian
2637,5.440376862,background,exponential
2638,1.845756774,background,exponential
2639,0.7844831725,background,exponential
2640,7.774297738,background,exponential
2641,3.122994359,background,exponential
2642,4.530104273,signal,gaussian
2643,4.665340311,signal,gaussian
2644,2.329111145,background,exponential
2645,3.52857349,background,exponential
2646,6.69605912,background,exponential
2647,4.952915251,signal,gaussian
2648,5.414063139,signal,gaussian
2649,8.55422747,background,exponential
2650,4.957573978,signal,gaussian
2651,1.344415508,background,exponential
2652,1.074449958,background,exponential
2653,6.128853703,signal,gaussian
2654,3.145540472,background,exponential
2655,4.933632724,background,exponential
2656,3.110987983,background,exponential
2657,4.53842775,background,exponential
2658,4.524246442,signal,gaussian
2659,8.556092576,background,exponential
2660,5.526754071,background,exponential
2661,4.116707481,background,exponential
2662,1.466474253,background,exponential
2663,9.495994316,background,exponential
2664,0.5192097775,background,exponential
2665,7.695639008,background,exponential
2666,3.652933018,background,exponential
2667,4.658268502,signal,gaussian
2668,6.422271467,signal,gaussian
2669,1.725892848,background,exponential
2670,3.899944805,background,exponential
2671,5.169617805,background,exponential
2672,4.81888198,signal,gaussian
2673,5.652058992,signal,gaussian
2674,1.18686013,background,exponential
2675,8.186255717,background,exponential
2676,5.870240565,background,exponential
2677,1.199724467,background,exponential
2678,0.6379951871,background,exponential
2679,3.27076076,background,exponential
2680,5.589737518,signal,gaussian
2681,5.792551154,signal,gaussian
2682,2.295977692,background,exponential
2683,3.498696028,background,exponential
2684,6.433039085,background,exponential
2685,5.26602452,background,exponential
2686,0.8786526693,background,exponential
2687,6.330691059,background,exponential
2688,2.232126684,background,exponential
2689,3.360171953,background,exponential
2690,0.2206043999,background,exponential
2691,5.390975378,background,exponential
2692,8.202134079,background,exponential
2693,9.971935879,background,exponential
2694,3.629264893,background,exponential
2695,6.044446053,background,exponential
2696,2.961050427,background,exponential
2697,4.918914297,signal,gaussian
2698,4.942002482,signal,gaussian
2699,5.127367473,signal,gaussian
2700,5.305166867,signal,gaussian
2701,5.565862157,signal,gaussian
2702,2.00705106,background,exponential
2703,5.189296275,background,exponential
2704,0.1306976179,background,exponential
2705,2.954136679,background,exponential
2706,6.888511586,background,exponential
2707,8.847140366,background,exponential
2708,7.099046639,background,exponential
2709,2.058199721,background,exponential
2710,2.748643809,background,exponential
2711,3.444454401,background,exponential
2712,0.07319484004,background,exponential
2713,3.525704869,background,exponential
2714,5.147490957,background,exponential
2715,4.77158274,background,exponential
2716,0.5992287686,background,exponential
2717,3.803955549,background,exponential
2718,4.077562534,background,exponential
2719,6.160069384,signal,gaussian
2720,0.9794350169,background,exponential
2721,2.325433507,background,exponential
2722,5.07084964,signal,gaussian
2723,6.092536449,background,exponential
2724,5.126161766,background,exponential
2725,2.720856639,background,exponential
2726,6.522179685,background,exponential
2727,5.338250947,signal,gaussian
2728,6.901296388,background,exponential
2729,1.55025358,background,exponential
2730,5.932230883,signal,gaussian
2731,4.309475125,background,exponential
2732,4.527663956,background,exponential
2733,2.034199601,background,exponential
2734,4.368849977,signal,gaussian
2735,8.379220709,background,exponential
2736,6.492072975,background,exponential
2737,2.883159171,background,exponential
2738,7.765949231,background,exponential
2739,4.748424743,signal,gaussian
2740,1.076009764,background,exponential
2741,0.9232378006,background,exponential
2742,4.115754087,background,exponential
2743,6.075947194,background,exponential
2744,0.262157294,background,exponential
2745,2.806169068,background,exponential
2746,3.732206319,background,exponential
2747,2.084398452,background,exponential
2748,0.4918307545,background,exponential
2749,4.604557864,signal,gaussian
2750,4.022411519,signal,gaussian
2751,1.583264485,background,exponential
2752,3.053556973,background,exponential
2753,4.470214381,signal,gaussian
2754,5.25245961,signal,gaussian
2755,0.2999510482,background,exponential
2756,4.544298763,signal,gaussian
2757,0.7284135009,background,exponential
2758,5.417786462,background,exponential
2759,4.508160172,signal,gaussian
2760,8.554754027,background,exponential
2761,4.610324488,signal,gaussian
2762,7.756510858,background,exponential
2763,2.925135194,background,exponential
2764,0.7007156058,background,exponential
2765,2.695273331,background,exponential
2766,2.021013106,background,exponential
2767,0.05245023159,background,exponential
2768,9.618159017,background,exponential
2769,6.954752065,background,exponential
2770,8.723133996,background,exponential
2771,1.47370009,background,exponential
2772,1.378023243,background,exponential
2773,9.338509141,background,exponential
2774,4.25202914,signal,gaussian
2775,3.908189715,background,exponential
2776,5.906662057,signal,gaussian
2777,2.542275387,background,exponential
2778,8.964301602,background,exponential
2779,2.138030428,background,exponential
2780,1.658961554,background,exponential
2781,0.5143686139,background,exponential
2782,5.195848753,signal,gaussian
2783,7.988559868,background,exponential
2784,4.651198548,background,exponential
2785,5.356976597,signal,gaussian
2786,9.175946803,background,exponential
2787,0.08574278513,background,exponential
2788,9.464478655,background,exponential
2789,7.075719382,background,exponential
2790,2.813513992,background,exponential
2791,2.211510729,background,exponential
2792,2.130395749,background,exponential
2793,3.804617183,background,exponential
2794,9.123950294,background,exponential
2795,4.019183124,signal,gaussian
2796,0.04777128276,background,exponential
2797,5.831899412,signal,gaussian
2798,5.537197872,background,exponential
2799,2.788576199,background,exponential
2800,4.70725466,signal,gaussian
2801,7.350176614,background,exponential
2802,2.147494958,background,exponential
2803,5.635385105,background,exponential
2804,5.398309641,background,exponential
2805,9.126158354,background,exponential
2806,4.694156803,signal,gaussian
2807,2.700683448,background,exponential
2808,5.094080577,signal,gaussian
2809,4.1916848,signal,gaussian
2810,1.782242506,background,exponential
2811,5.450611727,signal,gaussian
2812,6.079509673,background,exponential
2813,3.919587313,background,exponential
2814,3.641182028,background,exponential
2815,2.277520982,background,exponential
2816,1.084805915,background,exponential
2817,2.269253411,background,exponential
2818,0.2316383425,background,exponential
2819,5.262248375,signal,gaussian
2820,8.756699816,background,exponential
2821,8.202361608,background,exponential
2822,3.412134705,signal,gaussian
2823,3.93437745,background,exponential
2824,0.142836475,background,exponential
2825,4.018517213,signal,gaussian
2826,6.61038433,background,exponential
2827,2.046663249,background,exponential
2828,5.621129319,signal,gaussian
2829,5.432716446,signal,gaussian
2830,3.143232133,background,exponential
2831,2.538498052,background,exponential
2832,4.832341891,signal,gaussian
2833,5.635163241,background,exponential
2834,3.145288176,background,exponential
2835,4.967021691,background,exponential
2836,2.893526326,background,exponential
2837,8.859334184,background,exponential
2838,4.9450821,background,exponential
2839,3.470649217,background,exponential
2840,7.00168812,background,exponential
2841,4.720317703,background,exponential
2842,3.514562883,background,exponential
2843,7.670533839,background,exponential
2844,0.5750518004,background,exponential
2845,1.003636058,background,exponential
2846,4.435929026,signal,gaussian
2847,4.249932216,signal,gaussian
2848,2.849216457,background,exponential
2849,4.477528562,signal,gaussian
2850,8.719380555,background,exponential
2851,7.737475993,background,exponential
2852,1.266052908,background,exponential
2853,3.390026018,background,exponential
2854,3.813225619,signal,gaussian
2855,0.8470929883,background,exponential
2856,3.861114994,background,exponential
2857,4.63900987,signal,gaussian
2858,2.017040735,background,exponential
2859,7.193763801,background,exponential
2860,7.756533965,background,exponential
2861,1.082960718,background,exponential
2862,0.04880844902,background,exponential
2863,0.3197689945,background,exponential
2864,2.478135521,background,exponential
2865,4.383523281,signal,gaussian
2866,4.708442787,background,exponential
2867,5.629878756,signal,gaussian
2868,5.337203324,signal,gaussian
2869,1.429675555,background,exponential
2870,3.045203365,background,exponential
2871,6.998773281,background,exponential
2872,6.476868793,background,exponential
2873,4.064527843,background,exponential
2874,4.393375999,background,exponential
2875,4.162782124,background,exponential
2876,2.107868583,background,exponential
2877,9.672880446,background,exponential
2878,5.347599812,signal,gaussian
2879,8.242683283,background,exponential
2880,3.900228376,background,exponential
2881,3.923085725,background,exponential
2882,3.90846717,signal,gaussian
2883,5.757543623,background,exponential
2884,3.941075415,background,exponential
2885,4.598655468,background,exponential
2886,4.670751535,signal,gaussian
2887,5.808192906,signal,gaussian
2888,1.718086194,background,exponential
2889,4.101574154,background,exponential
2890,0.3701702189,background,exponential
2891,5.253324609,background,exponential
2892,5.311345277,background,exponential
2893,0.4190080953,background,exponential
2894,8.69827948,background,exponential
2895,5.161702974,signal,gaussian
2896,0.2757264095,background,exponential
2897,2.730722993,background,exponential
2898,3.094477152,background,exponential
2899,1.823440647,background,exponential
2900,0.8434277713,background,exponential
2901,3.187694076,background,exponential
2902,3.033796919,background,exponential
2903,2.591231366,background,exponential
2904,4.510963507,background,exponential
2905,5.249364219,signal,gaussian
2906,0.3137640391,background,exponential
2907,2.047146576,background,exponential
2908,4.715437602,signal,gaussian
2909,2.449560843,background,exponential
2910,3.822958271,background,exponential
2911,6.343056407,background,exponential
2912,3.619745055,background,exponential
2913,2.990819383,background,exponential
2914,1.781232686,background,exponential
2915,2.414350408,background,exponential
2916,4.617098197,signal,gaussian
2917,4.934513509,signal,gaussian
2918,2.157074645,background,exponential
2919,3.00296271,background,exponential
2920,2.486454406,background,exponential
2921,5.556288642,signal,gaussian
2922,3.738530753,background,exponential
2923,8.756347162,background,exponential
2924,6.813365703,background,exponential
2925,6.785905418,background,exponential
2926,1.537419031,background,exponential
2927,9.231767629,background,exponential
2928,1.962772163,background,exponential
2929,0.09719229836,background,exponential
2930,1.809384815,background,exponential
2931,2.636473546,background,exponential
2932,0.5376804737,background,exponential
2933,5.096909836,background,exponential
2934,8.752224184,background,exponential
2935,9.173129022,background,exponential
2936,2.299133873,background,exponential
2937,5.362745671,background,exponential
2938,9.631758987,background,exponential
2939,2.347589193,background,exponential
2940,0.5038783313,background,exponential
2941,4.955092607,signal,gaussian
2942,1.329046302,background,exponential
2943,4.061098357,background,exponential
2944,7.661596414,background,exponential
2945,9.459731648,background,exponential
2946,5.70914019,signal,gaussian
2947,2.827849803,background,exponential
2948,0.9789678177,background,exponential
2949,2.19668497,background,exponential
2950,0.1711825088,background,exponential
2951,4.437693258,background,exponential
2952,1.235995795,background,exponential
2953,7.034544381,background,exponential
2954,1.800398718,background,exponential
2955,5.495721941,signal,gaussian
2956,5.950040146,signal,gaussian
2957,6.181159113,signal,gaussian
2958,7.274560279,background,exponential
2959,5.441442028,signal,gaussian
2960,3.092399886,background,exponential
2961,4.060631438,background,exponential
2962,3.983125841,background,exponential
2963,7.292813881,background,exponential
2964,5.187166847,signal,gaussian
2965,0.7424407658,background,exponential
2966,7.631500651,background,exponential
2967,3.125516437,background,exponential
2968,0.9412502348,background,exponential
2969,4.392303316,signal,gaussian
2970,0.3784384626,background,exponential
2971,0.2897139678,background,exponential
2972,5.563079007,background,exponential
2973,5.29095686,signal,gaussian
2974,5.494734832,signal,gaussian
2975,8.627737199,background,exponential
2976,4.166713204,background,exponential
2977,9.957045635,background,exponential
2978,7.691978814,background,exponential
2979,5.129354531,signal,gaussian
2980,2.697989948,background,exponential
2981,2.613841926,background,exponential
2982,4.448375811,signal,gaussian
2983,7.423242233,background,exponential
2984,7.406549944,background,exponential
2985,6.342954323,background,exponential
2986,8.803387617,background,exponential
2987,4.432983981,signal,gaussian
2988,2.745723346,background,exponential
2989,3.618964956,background,exponential
2990,3.520298797,background,exponential
2991,1.86446238,background,exponential
2992,7.21066392,background,exponential
2993,5.367405479,signal,gaussian
2994,3.442222293,background,exponential
2995,5.335607529,signal,gaussian
2996,4.400105707,signal,gaussian
2997,0.1054397714,background,exponential
2998,4.706967748,background,exponential
2999,0.301450241,background,exponential
3000,5.6254221,background,exponential
3001,8.21423296,background,exponential
3002,5.11153338,signal,gaussian
3003,4.720571096,background,exponential
3004,3.742353341,signal,gaussian
3005,5.753632081,signal,gaussian
3006,2.886033295,background,exponential
3007,3.36526562,background,exponential
3008,4.991199992,signal,gaussian
3009,5.489151629,background,exponential
3010,1.442158049,background,exponential
3011,0.6521806311,background,exponential
3012,5.513076102,signal,gaussian
3013,0.6028289776,background,exponential
3014,6.738541758,background,exponential
3015,8.288261127,background,exponential
3016,6.757320425,background,exponential
3017,0.8295100823,background,exponential
3018,3.328119713,background,exponential
3019,4.652939071,background,exponential
3020,2.013262188,background,exponential
3021,4.392429155,signal,gaussian
3022,5.030703025,signal,gaussian
3023,2.477348075,background,exponential
3024,9.326586757,background,exponential
3025,3.021886277,background,exponential
3026,4.922647458,signal,gaussian
3027,5.682864702,background,exponential
3028,8.30645547,background,exponential
3029,0.9357990548,background,exponential
3030,5.502683157,background,exponential
3031,5.974959952,signal,gaussian
3032,1.661415439,background,exponential
3033,5.675261659,signal,gaussian
3034,4.531969424,signal,gaussian
3035,5.122264131,signal,gaussian
3036,2.116237396,background,exponential
3037,5.896149765,signal,gaussian
3038,3.619538596,background,exponential
3039,1.490153431,background,exponential
3040,1.743308927,background,exponential
3041,2.787061915,background,exponential
3042,6.771387006,background,exponential
3043,6.3839164,signal,gaussian
3044,2.795290636,background,exponential
3045,3.905493951,background,exponential
3046,2.01712614,background,exponential
3047,2.63482547,background,exponential
3048,3.963676855,background,exponential
3049,8.497347673,background,exponential
3050,7.845150131,background,exponential
3051,4.156474433,background,exponential
3052,4.808356993,signal,gaussian
3053,4.054449284,background,exponential
3054,8.634772299,background,exponential
3055,0.1402936672,background,exponential
3056,8.207107132,background,exponential
3057,0.9262909465,background,exponential
3058,3.902398236,background,exponential
3059,4.92316272,signal,gaussian
3060,4.516762612,background,exponential
3061,4.851992257,signal,gaussian
3062,5.82154212,background,exponential
3063,0.06632523482,background,exponential
3064,2.413403855,background,exponential
3065,1.842255725,background,exponential
3066,5.768422001,background,exponential
3067,5.084437434,background,exponential
3068,6.369283653,background,exponential
3069,2.892852259,background,exponential
3070,2.908042878,background,exponential
3071,0.9221633645,background,exponential
3072,4.68849559,background,exponential
3073,5.210214861,signal,gaussian
3074,2.351475319,background,exponential
3075,2.445891576,background,exponential
3076,0.9487575392,background,exponential
3077,1.117743792,background,exponential
3078,4.513367686,background,exponential
3079,4.457294686,signal,gaussian
3080,6.410862273,background,exponential
3081,0.2774678104,background,exponential
3082,4.059670995,background,exponential
3083,4.327131894,signal,gaussian
3084,5.095844668,signal,gaussian
3085,2.605736983,background,exponential
3086,1.541486529,background,exponential
3087,4.251897268,signal,gaussian
3088,6.601894713,signal,gaussian
3089,2.641566139,background,exponential
3090,5.289307764,signal,gaussian
3091,5.925401089,background,exponential
3092,9.762074283,background,exponential
3093,2.365648694,background,exponential
3094,4.279912224,background,exponential
3095,4.875181361,signal,gaussian
3096,2.21325291,background,exponential
3097,7.701600754,background,exponential
3098,6.204937446,signal,gaussian
3099,8.728716723,background,exponential
3100,6.346608613,signal,gaussian
3101,4.859911784,signal,gaussian
3102,5.310533664,signal,gaussian
3103,3.830093562,background,exponential
3104,1.150336441,background,exponential
3105,5.75418656,background,exponential
3106,4.896621545,signal,gaussian
3107,5.883686451,signal,gaussian
3108,4.513793976,background,exponential
3109,0.7767800137,background,exponential
3110,2.350897797,background,exponential
3111,5.668095516,signal,gaussian
3112,3.872838613,background,exponential
3113,5.17624587,background,exponential
3114,9.560795504,background,exponential
3115,4.930694633,signal,gaussian
3116,0.4224091151,background,exponential
3117,5.795767816,signal,gaussian
3118,0.01895823169,background,exponential
3119,7.924153524,background,exponential
3120,4.855208041,signal,gaussian
3121,0.4686641613,background,exponential
3122,4.645640745,signal,gaussian
3123,0.1685287303,background,exponential
3124,5.369394615,signal,gaussian
3125,7.574765226,background,exponential
3126,6.357397619,signal,gaussian
3127,2.263194165,background,exponential
3128,5.993299157,signal,gaussian
3129,4.46214761,signal,gaussian
3130,4.78144294,signal,gaussian
3131,1.183990519,background,exponential
3132,0.0795433991,background,exponential
3133,6.509382434,background,exponential
3134,8.77691294,background,exponential
3135,6.92861166,background,exponential
3136,4.199640697,signal,gaussian
3137,8.549885717,background,exponential
3138,5.485347107,signal,gaussian
3139,7.026882092,background,exponential
3140,6.896539682,background,exponential
3141,5.737420166,background,exponential
3142,2.790410135,background,exponential
3143,2.704801381,background,exponential
3144,0.08329615736,background,exponential
3145,8.669568035,background,exponential
3146,4.613455317,signal,gaussian
3147,5.000112967,background,exponential
3148,4.244450431,signal,gaussian
3149,8.073493738,background,exponential
3150,4.364430413,signal,gaussian
3151,2.365565269,background,exponential
3152,3.923648588,signal,gaussian
3153,7.402034426,background,exponential
3154,4.923411409,background,exponential
3155,4.883464176,signal,gaussian
3156,5.803818619,background,exponential
3157,6.217766415,background,exponential
3158,7.300296605,background,exponential
3159,4.785563479,signal,gaussian
3160,6.025433597,background,exponential
3161,1.3121848,background,exponential
3162,2.029976317,background,exponential
3163,2.016409979,background,exponential
3164,4.586769061,signal,gaussian
3165,1.784033868,background,exponential
3166,7.009281741,signal,gaussian
3167,8.385573434,background,exponential
3168,7.506909823,background,exponential
3169,4.648321387,signal,gaussian
3170,2.601458896,background,exponential
3171,9.499193742,background,exponential
3172,4.817312696,signal,gaussian
3173,0.6820691715,background,exponential
3174,0.6503059288,background,exponential
3175,4.112574387,background,exponential
3176,5.753336,background,exponential
3177,4.76221055,signal,gaussian
3178,0.278278569,background,exponential
3179,0.7046592998,background,exponential
3180,3.914612035,background,exponential
3181,6.471024003,background,exponential
3182,5.324962279,signal,gaussian
3183,9.419068296,background,exponential
3184,4.813274323,background,exponential
3185,6.035477192,signal,gaussian
3186,7.699898885,background,exponential
3187,9.196367288,background,exponential
3188,2.146889037,background,exponential
3189,8.092600339,background,exponential
3190,1.983557671,background,exponential
3191,6.555664406,background,exponential
3192,9.845809367,background,exponential
3193,4.727675084,signal,gaussian
3194,3.529419805,background,exponential
3195,7.740011679,background,exponential
3196,3.888529329,background,exponential
3197,1.328175054,background,exponential
3198,0.3067983999,background,exponential
3199,1.225506175,background,exponential
3200,5.347348308,signal,gaussian
3201,1.486051378,background,exponential
3202,0.04170538878,background,exponential
3203,4.955663208,signal,gaussian
3204,3.854080613,background,exponential
3205,5.066861769,signal,gaussian
3206,2.556197689,background,exponential
3207,0.0967607266,background,exponential
3208,3.540187009,signal,gaussian
3209,1.606169236,background,exponential
3210,4.863552714,signal,gaussian
3211,4.87013653,signal,gaussian
3212,8.072817254,background,exponential
3213,4.909190644,signal,gaussian
3214,8.1664952,background,exponential
3215,6.77412618,background,exponential
3216,2.636226497,background,exponential
3217,3.113713828,background,exponential
3218,8.467570901,background,exponential
3219,1.57074821,background,exponential
3220,3.809889602,background,exponential
3221,1.086670954,background,exponential
3222,2.516832351,background,exponential
3223,7.869864361,background,exponential
3224,7.854484038,background,exponential
3225,4.564180604,signal,gaussian
3226,3.088700618,background,exponential
3227,5.994687829,background,exponential
3228,3.330507122,background,exponential
3229,3.500374306,background,exponential
3230,6.250831273,background,exponential
3231,2.898908718,background,exponential
3232,1.347571449,background,exponential
3233,7.006717582,background,exponential
3234,5.515741352,background,exponential
3235,7.405619546,background,exponential
3236,6.77838185,background,exponential
3237,0.5268752401,background,exponential
3238,9.532267844,background,exponential
3239,0.2469785172,background,exponential
3240,3.194419069,background,exponential
3241,0.7210094741,background,exponential
3242,6.025782578,background,exponential
3243,5.430002726,signal,gaussian
3244,5.997258233,background,exponential
3245,5.49898102,signal,gaussian
3246,5.613766629,background,exponential
3247,2.900613702,background,exponential
3248,6.345817364,background,exponential
3249,4.645113633,signal,gaussian
3250,4.046823818,background,exponential
3251,2.411410211,background,exponential
3252,7.642818944,background,exponential
3253,5.177187487,signal,gaussian
3254,4.43315559,signal,gaussian
3255,8.876158859,background,exponential
3256,5.449404951,background,exponential
3257,1.783043466,background,exponential
3258,4.740046037,signal,gaussian
3259,3.934931851,background,exponential
3260,1.958354231,background,exponential
3261,8.837011579,background,exponential
3262,0.6170446122,background,exponential
3263,4.020875425,background,exponential
3264,1.070463486,background,exponential
3265,9.272279953,background,exponential
3266,6.992642029,background,exponential
3267,6.663410358,signal,gaussian
3268,4.822604807,signal,gaussian
3269,0.1303783049,background,exponential
3270,8.841028806,background,exponential
3271,2.951173325,background,exponential
3272,1.26306816,background,exponential
3273,0.5893866803,background,exponential
3274,4.821697262,signal,gaussian
3275,5.334456765,signal,gaussian
3276,1.469173737,background,exponential
3277,3.932253181,signal,gaussian
3278,7.118531329,background,exponential
3279,2.859639696,background,exponential
3280,3.761594043,background,exponential
3281,7.114621157,background,exponential
3282,6.083923542,signal,gaussian
3283,3.432041437,background,exponential
3284,9.417438906,background,exponential
3285,3.665117753,background,exponential
3286,1.651171026,background,exponential
3287,5.429868545,signal,gaussian
3288,4.989692313,signal,gaussian
3289,0.9586781307,background,exponential
3290,3.00916082,background,exponential
3291,6.315839756,background,exponential
3292,3.657760088,background,exponential
3293,6.067565659,background,exponential
3294,5.136834178,signal,gaussian
3295,9.164934105,background,exponential
3296,4.454610172,signal,gaussian
3297,4.585284978,signal,gaussian
3298,5.249752417,background,exponential
3299,9.122300846,background,exponential
3300,2.888449898,background,exponential
3301,7.400541272,background,exponential
3302,5.299097488,background,exponential
3303,5.713620326,signal,gaussian
3304,6.689658305,background,exponential
3305,7.868939842,background,exponential
3306,0.6581277005,background,exponential
3307,1.565347827,background,exponential
3308,6.110290351,signal,gaussian
3309,0.166986292,background,exponential
3310,5.14688781,signal,gaussian
3311,1.883962507,background,exponential
3312,1.957239125,background,exponential
3313,7.134677209,background,exponential
3314,5.516583568,signal,gaussian
3315,3.818199325,background,exponential
3316,4.847252386,signal,gaussian
3317,7.519352199,background,exponential
3318,0.5360143439,background,exponential
3319,0.7692858381,background,exponential
3320,1.150791836,background,exponential
3321,4.47359883,signal,gaussian
3322,3.814766048,background,exponential
3323,5.381245293,signal,gaussian
3324,6.550943224,signal,gaussian
3325,8.297009491,background,exponential
3326,4.273376083,signal,gaussian
3327,1.565365774,background,exponential
3328,5.429458092,background,exponential
3329,9.582946966,background,exponential
3330,8.8303705,background,exponential
3331,5.145948423,signal,gaussian
3332,6.739901254,background,exponential
3333,5.437092933,background,exponential
3334,3.52496011,background,exponential
3335,8.700687223,background,exponential
3336,5.389983997,signal,gaussian
3337,5.83164843,background,exponential
3338,7.079138526,background,exponential
3339,5.093907944,background,exponential
3340,1.829853842,background,exponential
3341,4.938572917,background,exponential
3342,0.1004472575,background,exponential
3343,0.720187456,background,exponential
3344,0.8079142629,background,exponential
3345,6.058489527,background,exponential
3346,7.454315998,background,exponential
3347,6.486842646,background,exponential
3348,9.458670241,background,exponential
3349,2.514453309,background,exponential
3350,9.512755863,background,exponential
3351,1.790837306,background,exponential
3352,0.5842460317,background,exponential
3353,3.823949188,signal,gaussian
3354,6.634026733,background,exponential
3355,3.743631358,background,exponential
3356,0.5780733578,background,exponential
3357,0.7723719001,background,exponential
3358,8.0808478,background,exponential
3359,1.647586966,background,exponential
3360,7.383846274,background,exponential
3361,4.996469398,background,exponential
3362,0.1883794956,background,exponential
3363,2.073484015,background,exponential
3364,0.6200661563,background,exponential
3365,6.190261311,signal,gaussian
3366,0.4456409261,background,exponential
3367,5.044281584,signal,gaussian
3368,2.136448539,background,exponential
3369,1.153222078,background,exponential
3370,1.029612942,background,exponential
3371,1.389665777,background,exponential
3372,4.469323801,signal,gaussian
3373,2.637108234,background,exponential
3374,4.965604053,signal,gaussian
3375,2.682996599,background,exponential
3376,5.024626654,background,exponential
3377,5.073507364,signal,gaussian
3378,7.407427962,background,exponential
3379,2.08321146,background,exponential
3380,2.142080106,background,exponential
3381,5.797339003,signal,gaussian
3382,3.003961829,background,exponential
3383,5.810787467,signal,gaussian
3384,3.895266059,signal,gaussian
3385,7.913923281,background,exponential
3386,1.596200008,background,exponential
3387,3.696198155,background,exponential
3388,8.349933117,background,exponential
3389,5.635737794,background,exponential
3390,4.164789332,background,exponential
3391,1.451244413,background,exponential
3392,5.168288737,signal,gaussian
3393,4.764788333,signal,gaussian
3394,1.656501946,background,exponential
3395,1.112850532,background,exponential
3396,6.36554407,background,exponential
3397,5.694440716,signal,gaussian
3398,2.261917801,background,exponential
3399,0.5694945113,background,exponential
3400,4.355265751,background,exponential
3401,6.391067048,background,exponential
3402,2.313862668,background,exponential
3403,0.548629229,background,exponential
3404,5.683383376,background,exponential
3405,3.254164893,background,exponential
3406,0.7311103432,background,exponential
3407,0.4842752851,background,exponential
3408,4.760382043,background,exponential
3409,1.580774576,background,exponential
3410,4.849264733,background,exponential
3411,1.478788584,background,exponential
3412,7.883471849,background,exponential
3413,4.00883602,background,exponential
3414,9.335150335,background,exponential
3415,9.213955819,background,exponential
3416,1.543951829,background,exponential
3417,5.619075852,signal,gaussian
3418,6.100110955,signal,gaussian
3419,4.205756228,background,exponential
3420,5.067305332,background,exponential
3421,1.88992901,background,exponential
3422,8.42019077,background,exponential
3423,1.742890381,background,exponential
3424,4.708881783,background,exponential
3425,5.322529255,background,exponential
3426,7.20291785,background,exponential
3427,8.480765895,background,exponential
3428,6.24781287,background,exponential
3429,8.353790476,background,exponential
3430,1.037778614,background,exponential
3431,3.635466287,background,exponential
3432,1.746975705,background,exponential
3433,8.966984979,background,exponential
3434,2.815434726,background,exponential
3435,8.854852278,background,exponential
3436,4.795649488,background,exponential
3437,5.253476991,background,exponential
3438,3.314983243,background,exponential
3439,0.3959829922,background,exponential
3440,8.331895902,background,exponential
3441,6.281713054,background,exponential
3442,1.403589011,background,exponential
3443,2.531899157,background,exponential
3444,4.250059697,background,exponential
3445,4.962923785,signal,gaussian
3446,3.019801715,background,exponential
3447,4.783505702,background,exponential
3448,4.493735078,signal,gaussian
3449,3.920024619,signal,gaussian
3450,0.6723556391,background,exponential
3451,4.87074971,background,exponential
3452,4.596701951,signal,gaussian
3453,7.146639542,background,exponential
3454,4.934981624,signal,gaussian
3455,1.818474799,background,exponential
3456,1.056479513,background,exponential
3457,5.556230548,signal,gaussian
3458,4.972619429,signal,gaussian
3459,6.907358464,background,exponential
3460,3.98097917,signal,gaussian
3461,5.157697607,signal,gaussian
3462,5.29290632,signal,gaussian
3463,4.901243013,background,exponential
3464,5.684759727,signal,gaussian
3465,5.732134542,background,exponential
3466,7.419379836,background,exponential
3467,3.318841774,background,exponential
3468,5.636139449,signal,gaussian
3469,4.82546556,signal,gaussian
3470,8.683245766,background,exponential
3471,5.552771557,signal,gaussian
3472,6.374912996,background,exponential
3473,5.17585302,background,exponential
3474,4.049234174,background,exponential
3475,4.083900111,background,exponential
3476,5.306802986,signal,gaussian
3477,5.475835777,background,exponential
3478,6.044549616,background,exponential
3479,4.882098423,signal,gaussian
3480,3.537041958,background,exponential
3481,2.866303867,background,exponential
3482,6.58265775,background,exponential
3483,9.05297447,background,exponential
3484,5.23828888,signal,gaussian
3485,0.826491971,background,exponential
3486,5.202441713,background,exponential
3487,1.907775384,background,exponential
3488,1.081681713,background,exponential
3489,7.340081917,background,exponential
3490,5.196684329,background,exponential
3491,7.323625889,background,exponential
3492,0.2987319431,background,exponential
3493,5.190564674,signal,gaussian
3494,6.078456622,signal,gaussian
3495,2.027297119,background,exponential
3496,1.086634546,background,exponential
3497,1.489231797,background,exponential
3498,5.747041032,signal,gaussian
3499,4.365944035,signal,gaussian
3500,5.150214347,background,exponential
3501,1.500880727,background,exponential
3502,1.691228591,background,exponential
3503,0.02197150278,background,exponential
3504,0.9099318254,background,exponential
3505,1.575986665,background,exponential
3506,5.377754936,background,exponential
3507,8.034694598,background,exponential
3508,0.2013321251,background,exponential
3509,4.325515233,background,exponential
3510,5.601146761,background,exponential
3511,7.129388007,background,exponential
3512,4.829230687,signal,gaussian
3513,3.773033633,signal,gaussian
3514,4.384459988,background,exponential
3515,4.483505439,signal,gaussian
3516,6.61593613,signal,gaussian
3517,0.3099236173,background,exponential
3518,8.248608105,background,exponential
3519,0.0562883264,background,exponential
3520,2.550417383,background,exponential
3521,4.077475094,signal,gaussian
3522,2.323804422,background,exponential
3523,4.757916366,signal,gaussian
3524,8.098620758,background,exponential
3525,5.265725175,background,exponential
3526,1.973904556,background,exponential
3527,3.463442385,background,exponential
3528,4.80230152,signal,gaussian
3529,5.721763935,signal,gaussian
3530,0.07790116844,background,exponential
3531,4.697946949,signal,gaussian
3532,0.1786532844,background,exponential
3533,6.385191672,signal,gaussian
3534,1.259285063,background,exponential
3535,3.33688156,background,exponential
3536,7.119105812,background,exponential
3537,2.049604943,background,exponential
3538,4.675090139,signal,gaussian
3539,3.104252043,background,exponential
3540,5.728286005,background,exponential
3541,5.93058054,signal,gaussian
3542,0.4710672999,background,exponential
3543,2.462195434,background,exponential
3544,2.525089894,background,exponential
3545,1.115083449,background,exponential
3546,5.895121957,signal,gaussian
3547,4.003736448,background,exponential
3548,0.9199151627,background,exponential
3549,5.28429228,background,exponential
3550,2.853894305,background,exponential
3551,1.577936934,background,exponential
3552,3.705422045,background,exponential
3553,2.432696657,background,exponential
3554,6.167644006,signal,gaussian
3555,1.618911384,background,exponential
3556,1.278738403,background,exponential
3557,3.856418059,signal,gaussian
3558,4.569114947,background,exponential
3559,4.094733129,background,exponential
3560,5.175741896,background,exponential
3561,5.278008827,background,exponential
3562,5.078729069,background,exponential
3563,4.231895376,signal,gaussian
3564,5.159697352,background,exponential
3565,3.57092251,background,exponential
3566,1.096464987,background,exponential
3567,1.597550799,background,exponential
3568,6.157633331,signal,gaussian
3569,4.620882979,signal,gaussian
3570,4.694377194,signal,gaussian
3571,2.122932479,background,exponential
3572,7.086325515,background,exponential
3573,4.127943812,signal,gaussian
3574,5.20024441,signal,gaussian
3575,8.237694216,background,exponential
3576,3.961347988,signal,gaussian
3577,5.024745501,signal,gaussian
3578,8.581009013,background,exponential
3579,3.338513281,background,exponential
3580,5.855302046,background,exponential
3581,7.074896481,background,exponential
3582,5.573707701,background,exponential
3583,4.307060642,background,exponential
3584,7.433066865,background,exponential
3585,9.437615309,background,exponential
3586,2.229248228,background,exponential
3587,9.830469476,background,exponential
3588,2.242202959,background,exponential
3589,1.939932257,background,exponential
3590,5.920090669,background,exponential
3591,5.898643211,signal,gaussian
3592,3.067678646,background,exponential
3593,1.34698934,background,exponential
3594,4.951192774,signal,gaussian
3595,2.983811678,background,exponential
3596,5.025996184,signal,gaussian
3597,6.928628215,background,exponential
3598,3.392716798,background,exponential
3599,3.678741253,signal,gaussian
3600,7.310326663,background,exponential
3601,4.819409591,background,exponential
3602,3.708324458,background,exponential
3603,4.451739975,signal,gaussian
3604,4.775415337,signal,gaussian
3605,3.451991354,signal,gaussian
3606,0.7164439527,background,exponential
3607,1.730786967,background,exponential
3608,1.130348839,background,exponential
3609,5.65609145,signal,gaussian
3610,8.513927409,background,exponential
3611,3.820640332,signal,gaussian
3612,5.554065251,background,exponential
3613,6.460041534,background,exponential
3614,5.42062005,signal,gaussian
3615,5.489760815,background,exponential
3616,6.035605502,signal,gaussian
3617,9.014488036,background,exponential
3618,5.109331773,signal,gaussian
3619,3.612593491,background,exponential
3620,0.633795655,background,exponential
3621,9.752893461,background,exponential
3622,6.738384547,background,exponential
3623,4.283401747,signal,gaussian
3624,4.093366181,background,exponential
3625,4.656487883,background,exponential
3626,0.5814590897,background,exponential
3627,4.427216738,signal,gaussian
3628,5.292733158,signal,gaussian
3629,1.462752702,background,exponential
3630,5.941837521,signal,gaussian
3631,5.134552173,signal,gaussian
3632,1.740909222,background,exponential
3633,5.35889941,signal,gaussian
3634,2.175060483,background,exponential
3635,0.5094883666,background,exponential
3636,4.079046579,signal,gaussian
3637,1.974280527,background,exponential
3638,5.35357234,signal,gaussian
3639,0.4087034594,background,exponential
3640,6.00433349,background,exponential
3641,5.634541139,signal,gaussian
3642,3.652426346,background,exponential
3643,3.725336945,background,exponential
3644,7.091906346,background,exponential
3645,3.888073781,background,exponential
3646,2.849772443,background,exponential
3647,2.888250518,background,exponential
3648,8.463567997,background,exponential
3649,6.402634688,background,exponential
3650,5.360266807,signal,gaussian
3651,4.130181634,signal,gaussian
3652,1.126582638,background,exponential
3653,5.296054045,signal,gaussian
3654,6.760671705,background,exponential
3655,5.204988537,signal,gaussian
3656,1.556084023,background,exponential
3657,5.554738508,background,exponential
3658,2.646807073,background,exponential
3659,3.397441303,background,exponential
3660,4.553435981,signal,gaussian
3661,5.20786913,signal,gaussian
3662,5.306247902,background,exponential
3663,1.40452088,background,exponential
3664,5.050268156,signal,gaussian
3665,2.361544358,background,exponential
3666,7.472380304,background,exponential
3667,0.06106492938,background,exponential
3668,4.69012924,background,exponential
3669,2.826219712,background,exponential
3670,0.9003327229,background,exponential
3671,0.6864200588,background,exponential
3672,4.638134525,signal,gaussian
3673,1.599928504,background,exponential
3674,2.426897264,background,exponential
3675,4.639820305,signal,gaussian
3676,3.015975294,background,exponential
3677,7.663464304,background,exponential
3678,4.168662675,signal,gaussian
3679,8.637075898,background,exponential
3680,5.738341282,signal,gaussian
3681,4.555954649,background,exponential
3682,3.274469633,signal,gaussian
3683,0.08972463329,background,exponential
3684,3.626781187,background,exponential
3685,3.01305102,background,exponential
3686,3.52449245,signal,gaussian
3687,5.582400211,signal,gaussian
3688,5.333460343,signal,gaussian
3689,3.90279767,signal,gaussian
3690,0.1842843343,background,exponential
3691,7.427402602,background,exponential
3692,2.829007016,background,exponential
3693,2.354553793,background,exponential
3694,3.732293283,background,exponential
3695,1.074344584,background,exponential
3696,3.043115032,background,exponential
3697,5.282703786,signal,gaussian
3698,5.023175496,background,exponential
3699,3.463998446,background,exponential
3700,2.808354944,background,exponential
3701,3.136830128,background,exponential
3702,0.5168655731,background,exponential
3703,4.669713819,background,exponential
3704,6.756338773,signal,gaussian
3705,5.242230293,background,exponential
3706,3.328804444,background,exponential
3707,3.650010814,background,exponential
3708,6.09658199,background,exponential
3709,2.228851318,background,exponential
3710,3.122673608,background,exponential
3711,6.972422265,background,exponential
3712,4.800466359,background,exponential
3713,0.5449261928,background,exponential
3714,0.4016228871,background,exponential
3715,2.345738651,background,exponential
3716,0.6231442245,background,exponential
3717,8.164421228,background,exponential
3718,1.157030552,background,exponential
3719,6.270522806,background,exponential
3720,7.91599801,background,exponential
3721,1.243258263,background,exponential
3722,1.010349784,background,exponential
3723,7.511724262,background,exponential
3724,5.881314875,signal,gaussian
3725,1.097177237,background,exponential
3726,0.3215594825,background,exponential
3727,6.557770272,background,exponential
3728,2.628054864,background,exponential
3729,8.624448267,background,exponential
3730,2.427983523,background,exponential
3731,5.882948861,signal,gaussian
3732,5.451512751,signal,gaussian
3733,0.5944054412,background,exponential
3734,5.180260646,background,exponential
3735,1.400778826,background,exponential
3736,0.5021327486,background,exponential
3737,5.081797639,background,exponential
3738,7.927229754,background,exponential
3739,2.433053134,background,exponential
3740,4.671408409,signal,gaussian
3741,4.856697635,signal,gaussian
3742,2.812443038,background,exponential
3743,3.659169222,background,exponential
3744,9.065911688,background,exponential
3745,5.610104134,background,exponential
3746,0.1957021041,background,exponential
3747,2.675472767,background,exponential
3748,4.426314238,background,exponential
3749,0.1762036102,background,exponential
3750,7.446108702,background,exponential
3751,6.998056432,background,exponential
3752,2.240130155,background,exponential
3753,4.103402715,background,exponential
3754,3.578810025,signal,gaussian
3755,6.197659157,signal,gaussian
3756,7.089715227,background,exponential
3757,4.873410717,signal,gaussian
3758,0.6275831291,background,exponential
3759,4.659004874,signal,gaussian
3760,2.588838447,background,exponential
3761,5.374154676,background,exponential
3762,9.870323579,background,exponential
3763,0.8640902387,background,exponential
3764,1.604156593,background,exponential
3765,4.944630018,signal,gaussian
3766,5.149362257,background,exponential
3767,4.977547792,signal,gaussian
3768,0.05452665577,background,exponential
3769,4.147845838,signal,gaussian
3770,0.3697419009,background,exponential
3771,2.509335548,background,exponential
3772,6.704190254,background,exponential
3773,3.391675035,signal,gaussian
3774,0.4534620395,background,exponential
3775,8.910657171,background,exponential
3776,1.608453549,background,exponential
3777,5.863232992,signal,gaussian
3778,5.277877057,signal,gaussian
3779,4.43343028,background,exponential
3780,3.932749022,background,exponential
3781,8.652094568,background,exponential
3782,7.716615568,background,exponential
3783,5.749088866,background,exponential
3784,4.074158687,signal,gaussian
3785,1.077422973,background,exponential
3786,2.9681177,background,exponential
3787,9.870311563,background,exponential
3788,2.817877417,background,exponential
3789,5.298395337,background,exponential
3790,0.7011689959,background,exponential
3791,5.403967245,signal,gaussian
3792,0.6161794031,background,exponential
3793,7.453984243,background,exponential
3794,5.731626783,background,exponential
3795,1.273785531,background,exponential
3796,9.989367204,background,exponential
3797,4.656059112,signal,gaussian
3798,8.142040999,background,exponential
3799,0.6651198895,background,exponential
3800,0.5225162004,background,exponential
3801,0.675191635,background,exponential
3802,5.181026527,signal,gaussian
3803,4.602373369,signal,gaussian
3804,5.458716633,background,exponential
3805,4.435633648,signal,gaussian
3806,1.516693409,background,exponential
3807,1.034187086,background,exponential
3808,0.8581769144,background,exponential
3809,5.00405378,background,exponential
3810,5.944809498,background,exponential
3811,9.597718792,background,exponential
3812,8.295850477,background,exponential
3813,4.523036841,signal,gaussian
3814,4.495073357,signal,gaussian
3815,3.397383044,background,exponential
3816,1.850951543,background,exponential
3817,5.107493278,background,exponential
3818,0.4054596429,background,exponential
3819,5.154806032,signal,gaussian
3820,8.323993665,background,exponential
3821,1.317816993,background,exponential
3822,6.908403985,background,exponential
3823,3.379508337,background,exponential
3824,3.878220722,signal,gaussian
3825,9.186227123,background,exponential
3826,3.655386027,background,exponential
3827,9.399782033,background,exponential
3828,1.31471549,background,exponential
3829,9.661460841,background,exponential
3830,4.822352713,background,exponential
3831,1.424338074,background,exponential
3832,5.187732562,background,exponential
3833,1.518689571,background,exponential
3834,5.736781149,background,exponential
3835,1.140259436,background,exponential
3836,7.861978469,background,exponential
3837,2.965852162,background,exponential
3838,0.2464491339,background,exponential
3839,8.053119773,background,exponential
3840,2.116182754,background,exponential
3841,4.793706468,signal,gaussian
3842,7.63943782,background,exponential
3843,8.977287217,background,exponential
3844,2.236448253,background,exponential
3845,6.458049718,signal,gaussian
3846,0.5042662159,background,exponential
3847,9.690485965,background,exponential
3848,4.832461754,signal,gaussian
3849,0.41878664,background,exponential
3850,7.779457149,background,exponential
3851,2.016750814,background,exponential
3852,4.747557939,signal,gaussian
3853,0.559905301,background,exponential
3854,8.599582077,background,exponential
3855,6.230602927,signal,gaussian
3856,3.801957325,signal,gaussian
3857,7.710645509,background,exponential
3858,3.244825621,background,exponential
3859,1.253171884,background,exponential
3860,6.010677116,signal,gaussian
3861,4.410926853,signal,gaussian
3862,7.42419684,background,exponential
3863,8.070957683,background,exponential
3864,1.587395959,background,exponential
3865,5.053375491,signal,gaussian
3866,4.586849451,signal,gaussian
3867,4.834396211,signal,gaussian
3868,4.803449357,signal,gaussian
3869,1.43016907,background,exponential
3870,2.727701169,background,exponential
3871,4.754245722,signal,gaussian
3872,2.948723551,background,exponential
3873,2.060585363,background,exponential
3874,7.165449889,background,exponential
3875,3.660421812,background,exponential
3876,1.819025927,background,exponential
3877,0.181857048,background,exponential
3878,4.053246372,signal,gaussian
3879,5.87374281,signal,gaussian
3880,3.864153224,background,exponential
3881,5.880068132,signal,gaussian
3882,2.787771627,background,exponential
3883,3.051055569,background,exponential
3884,0.8106211375,background,exponential
3885,3.494671988,background,exponential
3886,9.785897078,background,exponential
3887,2.037198919,background,exponential
3888,0.7417151009,background,exponential
3889,4.062143817,background,exponential
3890,0.8504533586,background,exponential
3891,8.500624425,background,exponential
3892,9.643190674,background,exponential
3893,5.131639509,signal,gaussian
3894,5.318882527,signal,gaussian
3895,1.536318863,background,exponential
3896,7.964387114,background,exponential
3897,1.824921941,background,exponential
3898,1.578361563,background,exponential
3899,4.307496509,signal,gaussian
3900,5.821640558,background,exponential
3901,0.06784132163,background,exponential
3902,4.723450091,signal,gaussian
3903,4.931781889,background,exponential
3904,4.237934122,background,exponential
3905,4.029608909,background,exponential
3906,2.67183007,background,exponential
3907,5.650435593,signal,gaussian
3908,4.594650753,background,exponential
3909,8.163947518,background,exponential
3910,1.001727429,background,exponential
3911,9.243949701,background,exponential
3912,8.316375224,background,exponential
3913,5.527535465,signal,gaussian
3914,5.428813159,signal,gaussian
3915,5.27050567,background,exponential
3916,3.76846242,signal,gaussian
3917,8.036021883,background,exponential
3918,1.204293731,background,exponential
3919,0.1622261007,background,exponential
3920,0.6016552695,background,exponential
3921,8.773091591,background,exponential
3922,1.428613366,background,exponential
3923,5.097237624,background,exponential
3924,1.428563193,background,exponential
3925,6.437225898,background,exponential
3926,4.251006905,signal,gaussian
3927,1.897992338,background,exponential
3928,1.832429904,background,exponential
3929,1.367830221,background,exponential
3930,3.525775605,signal,gaussian
3931,6.050247551,background,exponential
3932,4.154056643,background,exponential
3933,0.6790395551,background,exponential
3934,0.5363472112,background,exponential
3935,0.1642013979,background,exponential
3936,4.66020725,background,exponential
3937,1.808916995,background,exponential
3938,8.704403497,background,exponential
3939,7.582206659,background,exponential
3940,4.00674279,background,exponential
3941,1.182573845,background,exponential
3942,4.517729991,signal,gaussian
3943,1.992285221,background,exponential
3944,5.273592566,background,exponential
3945,2.282089861,background,exponential
3946,5.757681633,background,exponential
3947,2.349168332,background,exponential
3948,4.421107959,background,exponential
3949,4.554657789,signal,gaussian
3950,4.081566507,background,exponential
3951,5.455334105,background,exponential
3952,6.659926832,background,exponential
3953,3.716867808,signal,gaussian
3954,6.002633635,signal,gaussian
3955,3.381697788,background,exponential
3956,4.089265455,background,exponential
3957,8.039561903,background,exponential
3958,5.042902433,background,exponential
3959,8.801629489,background,exponential
3960,3.883611416,signal,gaussian
3961,6.727000932,background,exponential
3962,3.976240665,signal,gaussian
3963,5.778866387,background,exponential
3964,1.56583992,background,exponential
3965,6.671694296,background,exponential
3966,4.904534178,signal,gaussian
3967,4.597026069,signal,gaussian
3968,3.190497018,background,exponential
3969,3.972398142,background,exponential
3970,4.777675747,background,exponential
3971,4.616220059,background,exponential
3972,4.199371784,background,exponential
3973,4.265813154,background,exponential
3974,4.36667759,signal,gaussian
3975,7.71935582,background,exponential
3976,8.883020493,background,exponential
3977,2.02541394,background,exponential
3978,4.681484888,signal,gaussian
3979,5.170183641,signal,gaussian
3980,3.817883206,background,exponential
3981,0.1070191559,background,exponential
3982,3.335221824,background,exponential
3983,8.771897446,background,exponential
3984,5.190573867,signal,gaussian
3985,0.3186278272,background,exponential
3986,5.000501621,signal,gaussian
3987,0.5280023277,background,exponential
3988,4.915195134,signal,gaussian
3989,4.901215155,background,exponential
3990,6.904247317,signal,gaussian
3991,5.406644358,signal,gaussian
3992,3.987052123,background,exponential
3993,9.92496947,background,exponential
3994,8.434460157,background,exponential
3995,3.487161163,background,exponential
3996,5.480870007,background,exponential
3997,1.724394275,background,exponential
3998,2.747623198,background,exponential
3999,2.118429376,background,exponential
4000,7.424397942,background,exponential
4001,1.864088644,background,exponential
4002,1.04753678,background,exponential
4003,4.269014523,signal,gaussian
4004,2.663520909,background,exponential
4005,1.077788119,background,exponential
4006,7.314847168,background,exponential
4007,1.830154281,background,exponential
4008,0.6289876665,background,exponential
4009,6.427432863,background,exponential
4010,2.706206667,background,exponential
4011,4.952228048,background,exponential
4012,3.965672927,background,exponential
4013,4.760577792,signal,gaussian
4014,2.749699853,background,exponential
4015,9.49712373,background,exponential
4016,4.848735861,signal,gaussian
4017,5.227439477,background,exponential
4018,1.435131938,background,exponential
4019,2.665590026,background,exponential
4020,5.845510438,background,exponential
4021,7.287877978,background,exponential
4022,5.301197393,background,exponential
4023,5.937844388,signal,gaussian
4024,4.84040755,signal,gaussian
4025,0.4212551292,background,exponential
4026,4.445876659,background,exponential
4027,5.335161017,background,exponential
4028,1.911113844,background,exponential
4029,4.502313932,background,exponential
4030,2.48997513,background,exponential
4031,9.133171423,background,exponential
4032,1.122633744,background,exponential
4033,9.918870442,background,exponential
4034,4.332131299,signal,gaussian
4035,3.742744463,signal,gaussian
4036,9.23687793,background,exponential
4037,4.042592857,background,exponential
4038,1.273199902,background,exponential
4039,1.318826987,background,exponential
4040,1.942271552,background,exponential
4041,5.587050193,signal,gaussian
4042,8.526488832,background,exponential
4043,1.502153213,background,exponential
4044,5.512470341,background,exponential
4045,6.929213217,background,exponential
4046,6.498594282,background,exponential
4047,1.648057187,background,exponential
4048,8.74375899,background,exponential
4049,7.107599032,background,exponential
4050,3.688410835,signal,gaussian
4051,0.2104359069,background,exponential
4052,6.902330929,background,exponential
4053,0.5830041119,background,exponential
4054,3.374134704,background,exponential
4055,2.124410473,background,exponential
4056,0.365333072,background,exponential
4057,0.3904966263,background,exponential
4058,3.020599729,background,exponential
4059,6.380263768,background,exponential
4060,1.816116367,background,exponential
4061,1.081971419,background,exponential
4062,2.774333406,background,exponential
4063,0.1007351322,background,exponential
4064,1.849533298,background,exponential
4065,7.655480975,background,exponential
4066,3.917616839,background,exponential
4067,6.426755335,background,exponential
4068,0.4026682945,background,exponential
4069,5.983805012,background,exponential
4070,0.9708331205,background,exponential
4071,4.389345234,background,exponential
4072,4.535786273,signal,gaussian
4073,5.521367268,background,exponential
4074,4.249012774,background,exponential
4075,8.360363543,background,exponential
4076,5.028513385,signal,gaussian
4077,4.639986156,signal,gaussian
4078,0.3225320251,background,exponential
4079,2.763899857,background,exponential
4080,8.641505033,background,exponential
4081,9.296217905,background,exponential
4082,8.314399242,background,exponential
4083,5.727369097,signal,gaussian
4084,4.846784105,background,exponential
4085,3.747323859,background,exponential
4086,4.675431267,signal,gaussian
4087,3.930753237,background,exponential
4088,6.862671545,background,exponential
4089,4.475904421,signal,gaussian
4090,3.599784603,background,exponential
4091,7.995019311,background,exponential
4092,4.223207652,signal,gaussian
4093,6.10927843,background,exponential
4094,9.355265505,background,exponential
4095,7.330781074,background,exponential
4096,2.218989689,background,exponential
4097,1.748420421,background,exponential
4098,3.886686659,signal,gaussian
4099,1.405253163,background,exponential
4100,3.651467729,background,exponential
4101,2.89858833,background,exponential
4102,6.646160422,signal,gaussian
4103,0.177546103,background,exponential
4104,2.822612078,background,exponential
4105,4.171679802,signal,gaussian
4106,0.6836179776,background,exponential
4107,0.959643273,background,exponential
4108,8.084885217,background,exponential
4109,4.277718523,signal,gaussian
4110,1.167027756,background,exponential
4111,5.18912422,signal,gaussian
4112,0.6958803526,background,exponential
4113,4.2224145,signal,gaussian
4114,6.439331503,signal,gaussian
4115,8.866900067,background,exponential
4116,9.982758426,background,exponential
4117,5.356039626,signal,gaussian
4118,8.437585123,background,exponential
4119,3.207893514,background,exponential
4120,7.221089334,background,exponential
4121,5.357627187,signal,gaussian
4122,1.106868243,background,exponential
4123,3.648673907,background,exponential
4124,3.404735287,background,exponential
4125,2.079039678,background,exponential
4126,4.365832431,background,exponential
4127,5.123453106,background,exponential
4128,4.385279142,background,exponential
4129,9.202439718,background,exponential
4130,0.995133534,background,exponential
4131,5.039372227,background,exponential
4132,4.625607838,background,exponential
4133,2.163721502,background,exponential
4134,6.427722491,background,exponential
4135,7.508138231,background,exponential
4136,4.768140872,background,exponential
4137,5.32970798,signal,gaussian
4138,0.5348905132,background,exponential
4139,2.324662333,background,exponential
4140,7.958716104,background,exponential
4141,3.187401134,background,exponential
4142,5.790523943,background,exponential
4143,0.03326112517,background,exponential
4144,2.121935899,background,exponential
4145,1.830131007,background,exponential
4146,2.799358458,background,exponential
4147,9.204819312,background,exponential
4148,4.893275131,signal,gaussian
4149,5.939292867,signal,gaussian
4150,1.681894056,background,exponential
4151,4.475181322,background,exponential
4152,5.91105256,signal,gaussian
4153,6.67438111,background,exponential
4154,2.17650032,background,exponential
4155,7.503753594,background,exponential
4156,4.577807187,background,exponential
4157,5.29263006,signal,gaussian
4158,3.844740666,signal,gaussian
4159,1.098180961,background,exponential
4160,5.813068845,signal,gaussian
4161,6.801858213,background,exponential
4162,5.062069411,signal,gaussian
4163,2.886867594,background,exponential
4164,8.677169368,background,exponential
4165,0.4005617258,background,exponential
4166,1.483046013,background,exponential
4167,5.012997507,signal,gaussian
4168,0.4562988492,background,exponential
4169,5.432574657,signal,gaussian
4170,4.91047003,signal,gaussian
4171,4.789090468,signal,gaussian
4172,0.343262409,background,exponential
4173,3.304945063,background,exponential
4174,6.888611294,background,exponential
4175,9.598846551,background,exponential
4176,6.317970097,background,exponential
4177,2.470653267,background,exponential
4178,5.073972568,signal,gaussian
4179,4.926673584,background,exponential
4180,3.431645606,background,exponential
4181,5.543607689,background,exponential
4182,1.866284922,background,exponential
4183,5.710590636,signal,gaussian
4184,9.903878757,background,exponential
4185,6.886039083,background,exponential
4186,2.199630325,background,exponential
4187,1.646698758,background,exponential
4188,4.835942145,signal,gaussian
4189,4.582722202,background,exponential
4190,5.722649609,background,exponential
4191,5.768094857,signal,gaussian
4192,9.485864847,background,exponential
4193,5.487469462,signal,gaussian
4194,3.465025375,background,exponential
4195,0.297475872,background,exponential
4196,4.693916742,signal,gaussian
4197,1.828738601,background,exponential
4198,4.315111908,signal,gaussian
4199,0.6927048983,background,exponential
4200,1.103859197,background,exponential
4201,4.862904374,background,exponential
4202,4.928136011,signal,gaussian
4203,8.44323989,background,exponential
4204,4.505591182,signal,gaussian
4205,4.888336193,signal,gaussian
4206,1.746228756,background,exponential
4207,6.053873269,signal,gaussian
4208,0.4221385422,background,exponential
4209,3.103961434,background,exponential
4210,5.463252217,background,exponential
4211,2.269499402,background,exponential
4212,2.057120122,background,exponential
4213,4.567454095,background,exponential
4214,5.115733581,signal,gaussian
4215,9.778238242,background,exponential
4216,1.434681128,background,exponential
4217,9.329875907,background,exponential
4218,4.398609281,signal,gaussian
4219,3.96033945,background,exponential
4220,4.584701895,signal,gaussian
4221,0.2997821076,background,exponential
4222,0.2976617921,background,exponential
4223,4.810438537,signal,gaussian
4224,5.586879072,signal,gaussian
4225,3.570359683,background,exponential
4226,8.156918904,background,exponential
4227,0.6378134834,background,exponential
4228,7.810925453,background,exponential
4229,5.767799734,background,exponential
4230,4.46246775,background,exponential
4231,9.750088838,background,exponential
4232,4.672053392,signal,gaussian
4233,5.881323341,background,exponential
4234,6.776979897,background,exponential
4235,5.782410922,signal,gaussian
4236,6.928460096,background,exponential
4237,4.603229648,signal,gaussian
4238,4.348117173,signal,gaussian
4239,5.069557573,signal,gaussian
4240,1.941333041,background,exponential
4241,5.568952857,signal,gaussian
4242,8.234882613,background,exponential
4243,7.876835884,background,exponential
4244,5.587011022,signal,gaussian
4245,4.87962666,background,exponential
4246,0.4706384163,background,exponential
4247,5.08541503,background,exponential
4248,4.208004662,signal,gaussian
4249,4.960116856,signal,gaussian
4250,4.767481223,signal,gaussian
4251,5.302088984,background,exponential
4252,0.1144476569,background,exponential
4253,4.651783723,signal,gaussian
4254,4.088502785,background,exponential
4255,4.407895186,background,exponential
4256,4.262143273,signal,gaussian
4257,5.561208254,signal,gaussian
4258,3.303629507,background,exponential
4259,7.068378411,background,exponential
4260,6.392692039,signal,gaussian
4261,2.498831993,background,exponential
4262,5.020336761,signal,gaussian
4263,6.303966985,background,exponential
4264,8.568974999,background,exponential
4265,3.667125488,background,exponential
4266,5.243319579,background,exponential
4267,4.833163507,background,exponential
4268,0.6148524109,background,exponential
4269,4.450194945,signal,gaussian
4270,2.424312276,background,exponential
4271,4.900467983,signal,gaussian
4272,3.642602986,background,exponential
4273,3.506205334,background,exponential
4274,5.298105958,background,exponential
4275,5.168841337,signal,gaussian
4276,0.572523041,background,exponential
4277,4.201382033,background,exponential
4278,4.764889224,background,exponential
4279,7.564551209,background,exponential
4280,4.457721374,signal,gaussian
4281,2.990201168,background,exponential
4282,3.339676665,background,exponential
4283,2.958495655,background,exponential
4284,5.667459034,signal,gaussian
4285,0.5794863725,background,exponential
4286,4.77514449,signal,gaussian
4287,2.601740955,background,exponential
4288,2.784046282,background,exponential
4289,8.848050311,background,exponential
4290,6.298394321,background,exponential
4291,2.570031158,background,exponential
4292,7.064766491,background,exponential
4293,2.716036482,background,exponential
4294,0.7774837196,background,exponential
4295,4.614074046,signal,gaussian
4296,4.342573524,signal,gaussian
4297,8.411064351,background,exponential
4298,5.097378635,signal,gaussian
4299,4.085092314,background,exponential
4300,8.367294753,background,exponential
4301,2.220000796,background,exponential
4302,4.763912304,background,exponential
4303,5.671274596,background,exponential
4304,4.740488915,signal,gaussian
4305,8.465045296,background,exponential
4306,1.612553062,background,exponential
4307,3.774419777,background,exponential
4308,5.031371788,signal,gaussian
4309,5.711347461,signal,gaussian
4310,3.882258674,signal,gaussian
4311,0.9534620945,background,exponential
4312,4.909401803,background,exponential
4313,4.526593751,signal,gaussian
4314,7.567665805,background,exponential
4315,6.140706776,background,exponential
4316,7.195432519,background,exponential
4317,8.31224555,background,exponential
4318,1.640076679,background,exponential
4319,5.811557659,signal,gaussian
4320,5.513318742,signal,gaussian
4321,5.627510102,signal,gaussian
4322,4.938390745,signal,gaussian
4323,1.492744178,background,exponential
4324,5.50205727,background,exponential
4325,5.845527382,background,exponential
4326,5.636060557,background,exponential
4327,2.579659161,background,exponential
4328,0.2755492086,background,exponential
4329,6.618734833,background,exponential
4330,5.82899483,signal,gaussian
4331,1.657393529,background,exponential
4332,6.127726925,signal,gaussian
4333,3.062493924,background,exponential
4334,9.891030565,background,exponential
4335,3.785750882,background,exponential
4336,4.824211617,signal,gaussian
4337,7.414497046,background,exponential
4338,3.894461348,background,exponential
4339,0.3507758397,background,exponential
4340,3.443403064,background,exponential
4341,4.945461177,signal,gaussian
4342,6.181721165,background,exponential
4343,4.214860605,background,exponential
4344,5.056245923,signal,gaussian
4345,0.9321042364,background,exponential
4346,0.08597082556,background,exponential
4347,0.3847470647,background,exponential
4348,2.676930797,background,exponential
4349,6.254589175,background,exponential
4350,7.545299963,background,exponential
4351,3.727738616,background,exponential
4352,7.726539468,background,exponential
4353,4.29929254,background,exponential
4354,8.721956474,background,exponential
4355,0.1625942484,background,exponential
4356,3.648816309,background,exponential
4357,5.003772434,signal,gaussian
4358,2.169598373,background,exponential
4359,1.902175989,background,exponential
4360,1.46657244,background,exponential
4361,5.078757961,signal,gaussian
4362,0.9610119315,background,exponential
4363,4.996794796,signal,gaussian
4364,9.787884316,background,exponential
4365,6.206750252,signal,gaussian
4366,1.581331779,background,exponential
4367,4.706616049,background,exponential
4368,4.092802628,signal,gaussian
4369,0.07284859237,background,exponential
4370,5.617372788,background,exponential
4371,6.14109962,signal,gaussian
4372,7.903568662,background,exponential
4373,4.275216868,signal,gaussian
4374,0.7544962771,background,exponential
4375,5.793650424,background,exponential
4376,1.539125753,background,exponential
4377,1.682902495,background,exponential
4378,6.125450559,signal,gaussian
4379,3.715631236,background,exponential
4380,3.954726419,background,exponential
4381,7.547300858,background,exponential
4382,1.842277919,background,exponential
4383,2.937146501,background,exponential
4384,0.3789096432,background,exponential
4385,4.673409843,background,exponential
4386,0.397873721,background,exponential
4387,6.346953744,background,exponential
4388,3.741009058,signal,gaussian
4389,3.151728341,background,exponential
4390,2.15694564,background,exponential
4391,7.533862631,background,exponential
4392,4.065832594,signal,gaussian
4393,5.24206972,signal,gaussian
4394,0.3047111963,background,exponential
4395,1.100522378,background,exponential
4396,6.334391515,background,exponential
4397,0.3430937722,background,exponential
4398,5.739670603,signal,gaussian
4399,5.900729213,background,exponential
4400,3.42476483,background,exponential
4401,0.4555947795,background,exponential
4402,2.591116121,background,exponential
4403,2.484152261,background,exponential
4404,1.730410591,background,exponential
4405,0.8207938024,background,exponential
4406,3.031052177,background,exponential
4407,6.032857914,background,exponential
4408,4.661391732,signal,gaussian
4409,2.372173785,background,exponential
4410,4.393894871,signal,gaussian
4411,3.500059943,signal,gaussian
4412,4.600576476,signal,gaussian
4413,2.683528932,background,exponential
4414,2.371741207,background,exponential
4415,4.921799609,background,exponential
4416,0.5392833842,background,exponential
4417,4.705938502,signal,gaussian
4418,6.159884668,background,exponential
4419,7.104882933,background,exponential
4420,2.266019759,background,exponential
4421,6.829215116,background,exponential
4422,1.898250823,background,exponential
4423,4.991678538,signal,gaussian
4424,3.45224085,background,exponential
4425,3.915609992,background,exponential
4426,8.010891428,background,exponential
4427,6.198883917,background,exponential
4428,2.723303134,background,exponential
4429,6.8692343,background,exponential
4430,2.44772096,background,exponential
4431,4.037770378,signal,gaussian
4432,3.062637518,background,exponential
4433,5.226058469,background,exponential
4434,2.670688504,background,exponential
4435,5.627322898,signal,gaussian
4436,3.751079414,background,exponential
4437,8.471742112,background,exponential
4438,2.674981527,background,exponential
4439,5.658775948,signal,gaussian
4440,1.923033391,background,exponential
4441,2.393744387,background,exponential
4442,8.84576587,background,exponential
4443,1.071184068,background,exponential
4444,9.715493567,background,exponential
4445,0.5811259644,background,exponential
4446,5.404638482,background,exponential
4447,5.438034834,signal,gaussian
4448,2.927171241,background,exponential
4449,8.908321254,background,exponential
4450,3.876236339,signal,gaussian
4451,4.283377731,signal,gaussian
4452,5.490065097,signal,gaussian
4453,0.1862023826,background,exponential
4454,9.185833642,background,exponential
4455,0.2783421384,background,exponential
4456,0.1902578874,background,exponential
4457,9.139321201,background,exponential
4458,4.696558358,signal,gaussian
4459,9.252614464,background,exponential
4460,5.784234568,background,exponential
4461,3.580676076,background,exponential
4462,5.284951014,background,exponential
4463,2.286777317,background,exponential
4464,6.627416456,signal,gaussian
4465,3.329072323,background,exponential
4466,1.307913878,background,exponential
4467,4.018132684,signal,gaussian
4468,1.570275541,background,exponential
4469,5.774392202,background,exponential
4470,0.2449086744,background,exponential
4471,6.001539924,background,exponential
4472,8.177671366,background,exponential
4473,2.670676027,background,exponential
4474,1.771100844,background,exponential
4475,6.858721619,background,exponential
4476,0.8884126666,background,exponential
4477,4.584071565,background,exponential
4478,4.94891036,background,exponential
4479,4.678435042,signal,gaussian
4480,8.079819625,background,exponential
4481,4.368677641,background,exponential
4482,5.122000165,background,exponential
4483,2.442942761,background,exponential
4484,0.2404749623,background,exponential
4485,3.542961,background,exponential
4486,1.426807797,background,exponential
4487,3.647302057,background,exponential
4488,0.9406761394,background,exponential
4489,4.631825957,background,exponential
4490,3.937812886,signal,gaussian
4491,2.975790945,background,exponential
4492,5.43494456,background,exponential
4493,4.315891135,signal,gaussian
4494,5.76985897,signal,gaussian
4495,6.397828073,background,exponential
4496,7.12634387,background,exponential
4497,5.343460451,signal,gaussian
4498,6.534324654,signal,gaussian
4499,5.534828169,background,exponential
4500,1.222345935,background,exponential
4501,3.441346394,background,exponential
4502,5.065549646,signal,gaussian
4503,8.212646226,background,exponential
4504,2.859168341,background,exponential
4505,3.813765825,signal,gaussian
4506,3.833209744,background,exponential
4507,5.168013583,signal,gaussian
4508,1.481473272,background,exponential
4509,5.740062155,signal,gaussian
4510,4.954162663,signal,gaussian
4511,9.722672259,background,exponential
4512,3.991358235,background,exponential
4513,2.680530085,background,exponential
4514,0.1441336984,background,exponential
4515,4.123147158,signal,gaussian
4516,6.806682348,background,exponential
4517,2.959781086,background,exponential
4518,4.78974511,background,exponential
4519,5.735047443,background,exponential
4520,4.786124151,background,exponential
4521,0.05287999914,background,exponential
4522,5.784555756,background,exponential
4523,4.641033741,signal,gaussian
4524,5.436103978,signal,gaussian
4525,5.367114932,signal,gaussian
4526,0.3556559958,background,exponential
4527,8.645970437,background,exponential
4528,2.938556267,background,exponential
4529,0.4289165648,background,exponential
4530,9.784446425,background,exponential
4531,2.75742362,background,exponential
4532,5.417997279,background,exponential
4533,0.8110080438,background,exponential
4534,4.932042971,background,exponential
4535,3.348127335,background,exponential
4536,2.935129755,background,exponential
4537,6.914999088,signal,gaussian
4538,6.276660799,background,exponential
4539,2.788639521,background,exponential
4540,0.9368969117,background,exponential
4541,0.2252925597,background,exponential
4542,9.576868553,background,exponential
4543,5.036157856,signal,gaussian
4544,5.758300953,background,exponential
4545,4.595876585,signal,gaussian
4546,2.103536163,background,exponential
4547,0.008359294992,background,exponential
4548,2.392149255,background,exponential
4549,7.650124571,background,exponential
4550,6.732553756,signal,gaussian
4551,3.668366813,background,exponential
4552,0.6142991234,background,exponential
4553,2.853269995,background,exponential
4554,5.745727289,background,exponential
4555,5.000130102,signal,gaussian
4556,0.8852761695,background,exponential
4557,1.861412252,background,exponential
4558,2.721322062,background,exponential
4559,2.108343307,background,exponential
4560,7.859343736,background,exponential
4561,3.472906938,background,exponential
4562,7.396577905,background,exponential
4563,4.930567189,signal,gaussian
4564,5.06904295,signal,gaussian
4565,4.475185824,background,exponential
4566,7.547771393,background,exponential
4567,3.966441523,background,exponential
4568,0.2068917612,background,exponential
4569,7.620980962,background,exponential
4570,0.4259694769,background,exponential
4571,7.911691468,background,exponential
4572,5.245051067,signal,gaussian
4573,8.007902712,background,exponential
4574,1.199075512,background,exponential
4575,5.398474509,signal,gaussian
4576,8.854696378,background,exponential
4577,8.364643711,background,exponential
4578,3.997261129,background,exponential
4579,4.635043496,background,exponential
4580,5.675169917,signal,gaussian
4581,9.708465135,background,exponential
4582,2.379427697,background,exponential
4583,1.078412252,background,exponential
4584,0.6829487072,background,exponential
4585,7.890203338,background,exponential
4586,0.618674514,background,exponential
4587,6.411042825,background,exponential
4588,7.165156372,background,exponential
4589,4.777292495,signal,gaussian
4590,2.380689926,background,exponential
4591,4.908790736,signal,gaussian
4592,1.505022831,background,exponential
4593,0.2335120514,background,exponential
4594,3.996443599,signal,gaussian
4595,4.484741065,signal,gaussian
4596,2.957989585,background,exponential
4597,7.509163425,background,exponential
4598,4.897288251,background,exponential
4599,0.7329254575,background,exponential
4600,5.384414834,signal,gaussian
4601,1.924285627,background,exponential
4602,0.7264186685,background,exponential
4603,2.790342614,background,exponential
4604,6.938660949,background,exponential
4605,2.788683616,background,exponential
4606,6.771612935,background,exponential
4607,7.080063334,background,exponential
4608,0.04248718931,background,exponential
4609,5.855846886,background,exponential
4610,1.617951316,background,exponential
4611,6.413694282,background,exponential
4612,0.643026993,background,exponential
4613,4.931787293,background,exponential
4614,2.894147403,background,exponential
4615,5.8046207,signal,gaussian
4616,1.791124825,background,exponential
4617,3.159356001,background,exponential
4618,2.893569121,signal,gaussian
4619,3.040176634,background,exponential
4620,3.879769067,background,exponential
4621,4.846943608,signal,gaussian
4622,0.8326972639,background,exponential
4623,3.488136893,signal,gaussian
4624,2.487462801,background,exponential
4625,4.191065182,background,exponential
4626,4.750792073,background,exponential
4627,8.739343572,background,exponential
4628,5.766888885,background,exponential
4629,5.526807819,signal,gaussian
4630,1.343109646,background,exponential
4631,4.352143749,background,exponential
4632,0.447505137,background,exponential
4633,2.856847876,signal,gaussian
4634,7.20737234,background,exponential
4635,4.707045867,background,exponential
4636,3.964574773,signal,gaussian
4637,2.697210056,background,exponential
4638,6.199141993,background,exponential
4639,0.6082514746,background,exponential
4640,2.995384575,background,exponential
4641,3.359646451,background,exponential
4642,5.114847138,background,exponential
4643,5.580408408,signal,gaussian
4644,0.8766423959,background,exponential
4645,8.25989304,background,exponential
4646,1.463900417,background,exponential
4647,8.405254881,background,exponential
4648,2.572260433,background,exponential
4649,6.122274623,background,exponential
4650,2.6214426,background,exponential
4651,4.549735859,background,exponential
4652,9.215228014,background,exponential
4653,5.136227256,signal,gaussian
4654,0.7211610214,background,exponential
4655,1.015613439,background,exponential
4656,0.1862800538,background,exponential
4657,4.585290348,signal,gaussian
4658,6.289884658,signal,gaussian
4659,5.037026413,signal,gaussian
4660,6.323994544,background,exponential
4661,9.455083742,background,exponential
4662,6.159806299,signal,gaussian
4663,1.779808353,background,exponential
4664,4.908630614,signal,gaussian
4665,9.022278667,background,exponential
4666,5.997561759,background,exponential
4667,8.99705627,background,exponential
4668,7.635294799,background,exponential
4669,6.45076537,background,exponential
4670,4.103427199,background,exponential
4671,5.205859899,signal,gaussian
4672,2.142411919,background,exponential
4673,5.98173561,signal,gaussian
4674,3.254494496,signal,gaussian
4675,5.262619855,background,exponential
4676,4.841912149,signal,gaussian
4677,5.683519265,background,exponential
4678,5.197276636,signal,gaussian
4679,6.645872833,background,exponential
4680,4.806808199,background,exponential
4681,0.7561894586,background,exponential
4682,1.578210102,background,exponential
4683,9.86362314,background,exponential
4684,3.563032702,signal,gaussian
4685,6.441013267,signal,gaussian
4686,7.679378037,background,exponential
4687,2.236314209,background,exponential
4688,7.603165029,background,exponential
4689,6.750664921,signal,gaussian
4690,1.958629121,background,exponential
4691,0.04760614988,background,exponential
4692,2.055001976,background,exponential
4693,6.482108705,background,exponential
4694,0.07604053811,background,exponential
4695,8.062876071,background,exponential
4696,3.417980327,background,exponential
4697,5.363538473,background,exponential
4698,4.71392354,signal,gaussian
4699,7.532038921,background,exponential
4700,0.8830787375,background,exponential
4701,7.600878881,background,exponential
4702,1.882096442,background,exponential
4703,9.142485349,background,exponential
4704,8.443354265,background,exponential
4705,0.3774237255,background,exponential
4706,6.509093087,background,exponential
4707,4.29990713,signal,gaussian
4708,4.126566149,background,exponential
4709,8.667758716,background,exponential
4710,0.8026406433,background,exponential
4711,5.509030305,signal,gaussian
4712,8.117471731,background,exponential
4713,1.780054251,background,exponential
4714,5.759681256,signal,gaussian
4715,6.944965333,background,exponential
4716,0.7693696384,background,exponential
4717,1.164015142,background,exponential
4718,7.157870963,signal,gaussian
4719,0.2265834365,background,exponential
4720,7.043195301,background,exponential
4721,2.382976865,background,exponential
4722,4.196433184,signal,gaussian
4723,1.130179012,background,exponential
4724,4.93688674,background,exponential
4725,1.841183495,background,exponential
4726,3.729917787,background,exponential
4727,9.974883613,background,exponential
4728,4.346235275,background,exponential
4729,3.64360019,signal,gaussian
4730,5.857998917,signal,gaussian
4731,4.987503748,signal,gaussian
4732,2.463263415,background,exponential
4733,6.561236354,signal,gaussian
4734,4.816415496,background,exponential
4735,6.242164885,background,exponential
4736,5.255100013,signal,gaussian
4737,7.41186489,background,exponential
4738,2.701052703,background,exponential
4739,0.1786950732,background,exponential
4740,4.35555098,background,exponential
4741,1.336809245,background,exponential
4742,4.089758906,background,exponential
4743,1.276136769,background,exponential
4744,9.599614201,background,exponential
4745,9.001861298,background,exponential
4746,5.489442736,background,exponential
4747,4.042184747,signal,gaussian
4748,4.832552604,signal,gaussian
4749,7.955565216,background,exponential
4750,4.026731601,background,exponential
4751,2.544090321,background,exponential
4752,7.557190879,background,exponential
4753,4.98596831,background,exponential
4754,0.9721630834,background,exponential
4755,5.652938262,signal,gaussian
4756,5.366121585,signal,gaussian
4757,5.973838269,background,exponential
4758,1.363238145,background,exponential
4759,7.284579164,background,exponential
4760,9.532659009,background,exponential
4761,4.677115544,signal,gaussian
4762,7.912026069,background,exponential
4763,0.9197277742,background,exponential
4764,0.04408732465,background,exponential
4765,9.375930205,background,exponential
4766,0.6156297639,background,exponential
4767,0.8847266597,background,exponential
4768,5.092709922,signal,gaussian
4769,4.748482426,signal,gaussian
4770,5.327651623,signal,gaussian
4771,5.86585223,background,exponential
4772,7.221078243,background,exponential
4773,6.375075337,background,exponential
4774,6.561658539,background,exponential
4775,5.012066716,signal,gaussian
4776,0.2782499199,background,exponential
4777,4.136379518,background,exponential
4778,1.587887618,background,exponential
4779,8.698063448,background,exponential
4780,5.848546752,signal,gaussian
4781,2.989721099,background,exponential
4782,6.309754354,background,exponential
4783,3.622934326,background,exponential
4784,1.387126412,background,exponential
4785,0.934142981,background,exponential
4786,2.393449813,background,exponential
4787,9.667666803,background,exponential
4788,2.140368456,background,exponential
4789,1.256390256,background,exponential
4790,2.140366094,background,exponential
4791,3.903290938,signal,gaussian
4792,3.500002308,background,exponential
4793,7.379189077,background,exponential
4794,6.181307221,background,exponential
4795,0.2341231314,background,exponential
4796,4.365011589,signal,gaussian
4797,6.504603511,background,exponential
4798,5.02955864,signal,gaussian
4799,6.414814942,background,exponential
4800,6.035284611,background,exponential
4801,3.900957008,background,exponential
4802,3.601738618,background,exponential
4803,4.844953313,signal,gaussian
4804,3.636087437,signal,gaussian
4805,1.431796633,background,exponential
4806,4.807306082,background,exponential
4807,1.58372279,background,exponential
4808,6.375407542,background,exponential
4809,0.3893361146,background,exponential
4810,4.232069015,signal,gaussian
4811,5.031711998,signal,gaussian
4812,0.992442673,background,exponential
4813,1.706363932,background,exponential
4814,4.325340705,signal,gaussian
4815,4.289274937,background,exponential
4816,5.677534869,signal,gaussian
4817,5.206160646,signal,gaussian
4818,0.9165881004,background,exponential
4819,8.100454676,background,exponential
4820,3.613145097,background,exponential
4821,0.4602424068,background,exponential
4822,5.298844434,signal,gaussian
4823,2.748065644,background,exponential
4824,1.806207534,background,exponential
4825,3.121628489,background,exponential
4826,5.512314963,background,exponential
4827,3.982235684,signal,gaussian
4828,4.124281461,signal,gaussian
4829,9.877281367,background,exponential
4830,5.552997299,signal,gaussian
4831,6.527841477,background,exponential
4832,0.7664326074,background,exponential
4833,2.82169236,background,exponential
4834,2.789164063,background,exponential
4835,5.249656835,background,exponential
4836,8.006230682,background,exponential
4837,1.341555317,background,exponential
4838,4.002985758,background,exponential
4839,1.679849307,background,exponential
4840,6.562253546,background,exponential
4841,0.5633311019,background,exponential
4842,3.79833795,signal,gaussian
4843,5.791177739,signal,gaussian
4844,5.381020245,signal,gaussian
4845,0.4046595148,background,exponential
4846,6.227477961,background,exponential
4847,7.362632035,background,exponential
4848,5.43198391,signal,gaussian
4849,5.229361898,background,exponential
4850,5.256349999,background,exponential
4851,5.304848578,signal,gaussian
4852,5.759119485,background,exponential
4853,2.571499254,background,exponential
4854,3.211520187,background,exponential
4855,8.302347765,background,exponential
4856,7.1804623,background,exponential
4857,4.751336929,signal,gaussian
4858,7.618730701,background,exponential
4859,2.758976346,background,exponential
4860,5.638839649,signal,gaussian
4861,4.237852378,signal,gaussian
4862,5.207707081,signal,gaussian
4863,3.174635987,background,exponential
4864,3.208907922,background,exponential
4865,3.250995307,background,exponential
4866,4.911651108,signal,gaussian
4867,8.993960662,background,exponential
4868,3.430888848,background,exponential
4869,5.730073868,signal,gaussian
4870,1.329812485,background,exponential
4871,8.542900007,background,exponential
4872,2.125752954,background,exponential
4873,0.3744385906,background,exponential
4874,9.392534663,background,exponential
4875,9.08243641,background,exponential
4876,9.500997112,background,exponential
4877,8.407647847,background,exponential
4878,5.323537486,signal,gaussian
4879,5.183609006,signal,gaussian
4880,3.48921789,background,exponential
4881,6.220913329,background,exponential
4882,3.704479675,background,exponential
4883,7.286475344,background,exponential
4884,8.509910214,background,exponential
4885,0.6666607578,background,exponential
4886,5.493429458,signal,gaussian
4887,5.855630203,background,exponential
4888,5.369677103,signal,gaussian
4889,5.174558201,background,exponential
4890,2.037517025,background,exponential
4891,0.4399176304,background,exponential
4892,4.497075516,background,exponential
4893,4.783819734,signal,gaussian
4894,3.631280144,background,exponential
4895,5.500778309,signal,gaussian
4896,0.8973041193,background,exponential
4897,0.07294859616,background,exponential
4898,5.38642769,background,exponential
4899,2.835536697,background,exponential
4900,5.362111715,background,exponential
4901,4.804837838,signal,gaussian
4902,4.017066549,background,exponential
4903,0.8418207569,background,exponential
4904,1.652523725,background,exponential
4905,7.942112268,background,exponential
4906,4.713258362,signal,gaussian
4907,5.542980024,background,exponential
4908,5.111381308,background,exponential
4909,8.033249639,background,exponential
4910,6.121712944,background,exponential
4911,4.59575451,background,exponential
4912,4.819197368,signal,gaussian
4913,9.512261461,background,exponential
4914,4.802457687,background,exponential
4915,9.649032408,background,exponential
4916,1.435886535,background,exponential
4917,8.0187192,background,exponential
4918,1.497982148,background,exponential
4919,0.9680355412,background,exponential
4920,4.677243536,background,exponential
4921,5.664916385,signal,gaussian
4922,3.066586732,background,exponential
4923,4.780619909,background,exponential
4924,1.595146997,background,exponential
4925,3.132352153,background,exponential
4926,8.479117682,background,exponential
4927,4.444233456,background,exponential
4928,4.57151676,background,exponential
4929,9.282878569,background,exponential
4930,7.339514095,background,exponential
4931,3.547506121,background,exponential
4932,4.721792978,signal,gaussian
4933,0.7234731109,background,exponential
4934,6.092433513,background,exponential
4935,4.26909498,background,exponential
4936,4.884543851,signal,gaussian
4937,8.575254205,background,exponential
4938,8.459547008,background,exponential
4939,2.148488349,background,exponential
4940,6.38297725,background,exponential
4941,5.373423483,signal,gaussian
4942,4.879345927,signal,gaussian
4943,9.24755011,background,exponential
4944,5.41698241,signal,gaussian
4945,3.877026374,signal,gaussian
4946,4.548603048,signal,gaussian
4947,7.235609566,background,exponential
4948,3.627574911,background,exponential
4949,7.826023308,background,exponential
4950,3.634341877,background,exponential
4951,0.9615598723,background,exponential
4952,1.32278783,background,exponential
4953,3.732420642,background,exponential
4954,4.661485855,signal,gaussian
4955,5.138436387,background,exponential
4956,2.811291776,background,exponential
4957,6.091172497,background,exponential
4958,5.019916084,background,exponential
4959,5.209810337,signal,gaussian
4960,4.24823475,signal,gaussian
4961,7.097263097,background,exponential
4962,3.099423468,background,exponential
4963,9.129552791,background,exponential
4964,0.5231204478,background,exponential
4965,4.167792317,background,exponential
4966,8.168215078,background,exponential
4967,4.27276641,signal,gaussian
4968,4.025458079,signal,gaussian
4969,4.30599285,background,exponential
4970,2.296504238,background,exponential
4971,3.450562618,background,exponential
4972,6.470839252,background,exponential
4973,4.518048329,signal,gaussian
4974,1.569418756,background,exponential
4975,0.04340639783,background,exponential
4976,1.933390354,background,exponential
4977,2.293465248,background,exponential
4978,6.966408656,background,exponential
4979,5.178279442,signal,gaussian
4980,7.83676734,background,exponential
4981,5.484102421,background,exponential
4982,9.614376837,background,exponential
4983,5.805786724,signal,gaussian
4984,8.036830343,background,exponential
4985,3.011869448,background,exponential
4986,2.798112564,background,exponential
4987,5.264839929,signal,gaussian
4988,2.843557322,background,exponential
4989,5.80284248,signal,gaussian
4990,0.838645498,background,exponential
4991,7.470496554,background,exponential
4992,4.579666171,signal,gaussian
4993,2.921465978,background,exponential
4994,7.883571639,background,exponential
4995,2.072596916,background,exponential
4996,1.619848195,background,exponential
4997,0.3030342591,background,exponential
4998,6.020793393,background,exponential
4999,1.131383843,background,exponential
